"Class","Property","Type","Mapping","SourceFile"
"Affretes_Contact","m_nIDAffretes_Contact","un entier sur 8 octets","IDAffretes_Contact","_Affretes_Contact.wdc"
"Affretes_Contact","m_nIDAffretes","un entier sur 8 octets","IDAffretes","_Affretes_Contact.wdc"
"Affretes_Contact","m_sNomPrenom","une chaîne","NomPrenom","_Affretes_Contact.wdc"
"Affretes_Contact","m_sEmail_contact","une chaîne","Email_contact","_Affretes_Contact.wdc"
"Affretes","m_nIDAffretes","un entier sur 8 octets","IDAffretes","_Affretes.wdc"
"Affretes","m_sNom","une chaîne","Nom","_Affretes.wdc"
"Affretes","m_sAdresse1","une chaîne","Adresse1","_Affretes.wdc"
"Affretes","m_sAdresse2","une chaîne","Adresse2","_Affretes.wdc"
"Affretes","m_sAdresse3","une chaîne","Adresse3","_Affretes.wdc"
"Affretes","m_sCode_Pays","une chaîne","Code_Pays","_Affretes.wdc"
"Affretes","m_sCode_Postal","une chaîne","Code_Postal","_Affretes.wdc"
"Affretes","m_sVille","une chaîne","Ville","_Affretes.wdc"
"Affretes","m_sTelephone","une chaîne","Telephone","_Affretes.wdc"
"Affretes","m_sFax","une chaîne","Fax","_Affretes.wdc"
"Affretes","m_sEmail_contact","une chaîne","Email_contact","_Affretes.wdc"
"Affretes","m_sIdentifiant_TVA","une chaîne","Identifiant_TVA","_Affretes.wdc"
"Affretes","m_sSiret","une chaîne","Siret","_Affretes.wdc"
"Affretes","m_nIdagence","un entier sur 8 octets","Idagence","_Affretes.wdc"
"Agence","m_nIdagence","un entier sur 8 octets","Idagence","_Agence.wdc"
"Agence","m_sNom","une chaîne ANSI","Nom","_Agence.wdc"
"Agence","m_sAdresse1","une chaîne ANSI","Adresse1","_Agence.wdc"
"Agence","m_sAdresse2","une chaîne ANSI","Adresse2","_Agence.wdc"
"Agence","m_sAdresse3","une chaîne ANSI","Adresse3","_Agence.wdc"
"Agence","m_sCode_Pays","une chaîne ANSI","Code_Pays","_Agence.wdc"
"Agence","m_sCode_Postal","une chaîne ANSI","Code_Postal","_Agence.wdc"
"Agence","m_sVille","une chaîne ANSI","Ville","_Agence.wdc"
"Agence","m_sN_Tel","une chaîne ANSI","N_Tel","_Agence.wdc"
"Agence","m_sN_fax","une chaîne ANSI","N_fax","_Agence.wdc"
"Agence","m_sE_mail","une chaîne ANSI","E_mail","_Agence.wdc"
"Agence","m_sCode_societe","une chaîne ANSI","Code_societe","_Agence.wdc"
"Agence","m_sCode_adherent","une chaîne ANSI","code_adherent","_Agence.wdc"
"Agence","m_sCle_unique_agence","une chaîne ANSI","cle_unique_agence","_Agence.wdc"
"Agence","m_sCode_agence","une chaîne ANSI","Code_agence","_Agence.wdc"
"Agence","m_sIdentifiant_TVA","une chaîne ANSI","Identifiant_TVA","_Agence.wdc"
"Agence","m_sIdentifiant_EDI","une chaîne ANSI","Identifiant_EDI","_Agence.wdc"
"Agence","m_nNombre_exemplaire_facture","un entier sans signe sur 1 octet","Nombre_exemplaire_facture","_Agence.wdc"
"Agence","m_sImprimante_borderau","une chaîne ANSI","Imprimante_borderau","_Agence.wdc"
"Agence","m_nNumero_facture","un entier sans signe sur 8 octets","Numero_facture","_Agence.wdc"
"Agence","m_sLogo","une chaîne ANSI","logo","_Agence.wdc"
"Agence","m_sImage_fond","une chaîne ANSI","Image_fond","_Agence.wdc"
"Agence","m_sSiret","une chaîne ANSI","Siret","_Agence.wdc"
"Agence","m_nNombre_exemplaire_bdx_grp","un entier sans signe sur 1 octet","Nombre_exemplaire_bdx_grp","_Agence.wdc"
"Agence","m_nNombre_exemplaire_bdx_liv","un entier sans signe sur 1 octet","Nombre_exemplaire_bdx_liv","_Agence.wdc"
"Agence","m_nNum_fact_sv","un entier sans signe sur 8 octets","Num_fact_sv","_Agence.wdc"
"Agence","m_sMessage_exobase","une chaîne ANSI","Message_exobase","_Agence.wdc"
"Agence","m_sMessage_traction","une chaîne ANSI","Message_traction","_Agence.wdc"
"Agence","m_nBorne_mini","un entier sans signe sur 4 octets","borne_mini","_Agence.wdc"
"Agence","m_nBorne_maxi","un entier sans signe sur 4 octets","borne_maxi","_Agence.wdc"
"Agence","m_sGtf","une chaîne ANSI","Gtf","_Agence.wdc"
"Agence","m_sLibelle_sur_etiquette","une chaîne ANSI","Libelle_sur_etiquette","_Agence.wdc"
"Agence","m_sImprimante_recepisse","une chaîne ANSI","Imprimante_recepisse","_Agence.wdc"
"Agence","m_sCode_Visapack","une chaîne ANSI","Code_Visapack","_Agence.wdc"
"Agence","m_sCode_agence_sur_recepisse","une chaîne ANSI","code_agence_sur_recepisse","_Agence.wdc"
"Agence","m_nSelection_recepisse","un entier sur 2 octets","Selection_recepisse","_Agence.wdc"
"Agence","m_sRepertoire_d_emission_vers_agence","une chaîne ANSI","repertoire_d_emission_vers_agence","_Agence.wdc"
"Agence","m_sReperoire_de_reception_du_site_cen","une chaîne ANSI","reperoire_de_reception_du_site_cen","_Agence.wdc"
"Agence","m_bNumero_de_tiers_automatique","un booléen","Numero_de_tiers_automatique","_Agence.wdc"
"Agence","m_bCreation_automatique_de_localite","un booléen","Creation_automatique_de_localite","_Agence.wdc"
"Agence","m_sDernier_tiers","une chaîne ANSI","Dernier_tiers","_Agence.wdc"
"Agence","m_nNumero_facture_sauvegardé","un entier sans signe sur 8 octets","Numero_facture_sauvegardé","_Agence.wdc"
"Agence","m_nTri_edition_des_factures","un entier sur 2 octets","Tri_edition_des_factures","_Agence.wdc"
"Agence","m_nDernier_Devis","un entier sans signe sur 4 octets","dernier_Devis","_Agence.wdc"
"Agence","m_bGestion_Affretement","un booléen","Gestion_Affretement","_Agence.wdc"
"Agence","m_bEdition_quantité_taxable_sur_bdx_gropage","un booléen","edition_quantité_taxable_sur_bdx_gropage","_Agence.wdc"
"Agence","m_bEdition_adresse_sur_bdx_groupage","un booléen","edition_adresse_sur_bdx_groupage","_Agence.wdc"
"Agence","m_sRepertoire_exportation_compta","une chaîne ANSI","Repertoire_exportation_compta","_Agence.wdc"
"Agence","m_sNumero_compte_transport","une chaîne ANSI","Numero_compte_transport","_Agence.wdc"
"Agence","m_sLibelle_compte_transport","une chaîne ANSI","libelle_compte_transport","_Agence.wdc"
"Agence","m_sPrefixe_numero_facture","une chaîne ANSI","prefixe_numero_facture","_Agence.wdc"
"Agence","m_bGestion_automatique_numero_facture","un booléen","Gestion_automatique_numero_facture","_Agence.wdc"
"Agence","m_nLongueur_numero_facture","un entier sans signe sur 1 octet","longueur_numero_facture","_Agence.wdc"
"Agence","m_sRepertoire_fichier_facture_pdf","une chaîne ANSI","repertoire_fichier_facture_pdf","_Agence.wdc"
"Agence","m_sCode_ape","une chaîne ANSI","Code_ape","_Agence.wdc"
"Agence","m_sNumero_compte_facture_diverses","une chaîne ANSI","Numero_compte_facture_diverses","_Agence.wdc"
"Agence","m_sLibelle_compte_facture_diverses","une chaîne ANSI","libelle_compte_facture_diverses","_Agence.wdc"
"Agence","m_sNom_assureur","une chaîne ANSI","Nom_assureur","_Agence.wdc"
"Agence","m_sAd1_assureur","une chaîne ANSI","Ad1_assureur","_Agence.wdc"
"Agence","m_sAd2_assureur","une chaîne ANSI","Ad2_assureur","_Agence.wdc"
"Agence","m_sAd3_assureur","une chaîne ANSI","Ad3_assureur","_Agence.wdc"
"Agence","m_sPays_assureur","une chaîne ANSI","Pays_assureur","_Agence.wdc"
"Agence","m_sCode_postale_assureur","une chaîne ANSI","code_postale_assureur","_Agence.wdc"
"Agence","m_sVille_assureur","une chaîne ANSI","Ville_assureur","_Agence.wdc"
"Agence","m_sTel_assureur","une chaîne ANSI","tel_assureur","_Agence.wdc"
"Agence","m_sFax_assureur","une chaîne ANSI","fax_assureur","_Agence.wdc"
"Agence","m_sMail_assureur","une chaîne ANSI","mail_assureur","_Agence.wdc"
"Agence","m_sLien_url","une chaîne ANSI","lien_url","_Agence.wdc"
"Agence","m_sLibelle_bas_de_facture","une chaîne","Libelle_bas_de_facture","_Agence.wdc"
"Agence","m_sSiren","une chaîne ANSI","Siren","_Agence.wdc"
"Agence","m_sSiret_administratif","une chaîne ANSI","siret_administratif","_Agence.wdc"
"Agence","m_nCode_client_webservice","un entier sans signe sur 4 octets","Code_client_webservice","_Agence.wdc"
"Agence","m_bEnvoi_document_via_calva","un booléen","envoi_document_via_calva","_Agence.wdc"
"Agence","m_nFormat_export_vers_compta","un entier sur 2 octets","format_export_vers_compta","_Agence.wdc"
"Agence","m_nNUmero_de_mouvement","un entier sans signe sur 4 octets","NUmero_de_mouvement","_Agence.wdc"
"Agence","m_sJournal_de_vente","une chaîne ANSI","Journal_de_vente","_Agence.wdc"
"Agence","m_sCode_produit_enlevement","une chaîne ANSI","Code_produit_enlevement","_Agence.wdc"
"Agence","m_bIntegration_edi_automatique","un booléen","integration_edi_automatique","_Agence.wdc"
"Agence","m_sRepertoire__xls_de_base","une chaîne ANSI","Repertoire__xls_de_base","_Agence.wdc"
"Agence","m_bFGestion_heure_sur_mlv","un booléen","FGestion_heure_sur_mlv","_Agence.wdc"
"Agence","m_sGls_CodeClient","une chaîne ANSI","Gls_CodeClient","_Agence.wdc"
"Agence","m_sGls_CodeDepot","une chaîne ANSI","Gls_CodeDepot","_Agence.wdc"
"Agence","m_sWebservice_Identifiant","une chaîne ANSI","Webservice_Identifiant","_Agence.wdc"
"Agence","m_bNonEditionRapportArrivage","un booléen","NonEditionRapportArrivage","_Agence.wdc"
"Agence","m_xLongitude_gps","un numérique","Longitude_gps","_Agence.wdc"
"Agence","m_xLatitude_gps","un numérique","Latitude_gps","_Agence.wdc"
"Agence","m_sCallRef_Ptv","une chaîne ANSI","CallRef_Ptv","_Agence.wdc"
"Agence","m_bNon_Edition_Facture","un booléen","Non_Edition_Facture","_Agence.wdc"
"Agence","m_bReImpression_Facture_AvecCodeClient_Nom_Numfac","un booléen","ReImpression_Facture_AvecCodeClient_Nom_Numfac","_Agence.wdc"
"Agence","m_sRepertoireExportationReImpressionFacture","une chaîne ANSI","RepertoireExportationReImpressionFacture","_Agence.wdc"
"Agence","m_Logo_En_Image","un buffer","Logo_En_Image","_Agence.wdc"
"Agence","m_sInterloculteur_Aff","une chaîne","Interloculteur_Aff","_Agence.wdc"
"Agence","m_sEmail_Interloculteur_Aff","une chaîne","Email_Interloculteur_Aff","_Agence.wdc"
"Agence","m_sMotDePasse_Email_Aff","une chaîne","MotDePasse_Email_Aff","_Agence.wdc"
"Agence","m_sSmpt_EmailAff","une chaîne","Smpt_EmailAff","_Agence.wdc"
"Agence","m_bTransfertFactureParMail","un booléen","TransfertFactureParMail","_Agence.wdc"
"Agence","m_sEmailServiceComptabilité","une chaîne","EmailServiceComptabilité","_Agence.wdc"
"CBornes","m_nIDBornePoids","un entier sur 8 octets","IDBornePoids","_CBornes.wdc"
"CBornes","m_sCle_unique_agence","une chaîne","cle_unique_agence","_CBornes.wdc"
"CBornes","m_sCode_borne","une chaîne","code_borne","_CBornes.wdc"
"CBornes","m_moSANSARRONDI","un monétaire","SANSARRONDI","_CBornes.wdc"
"CBornes","m_moARRONDI10","un monétaire","ARRONDI10","_CBornes.wdc"
"CBornes","m_moARRONDI100","un monétaire","ARRONDI100","_CBornes.wdc"
"CBornes","m_bufBorne_cle_unique","un buffer","borne_cle_unique","_CBornes.wdc"
"CBornes","m_bufCle_unique_agencecode_borne","un buffer","cle_unique_agencecode_borne","_CBornes.wdc"
"CChauffeur","m_nIDChauffeur","un entier sur 8 octets","IDChauffeur","_CChauffeur.wdc"
"CChauffeur","m_sCode_chauffeur","une chaîne ANSI","Code_chauffeur","_CChauffeur.wdc"
"CChauffeur","m_sNom","une chaîne ANSI","Nom","_CChauffeur.wdc"
"CChauffeur","m_sPrenom_chauffeur","une chaîne ANSI","Prenom_chauffeur","_CChauffeur.wdc"
"CChauffeur","m_bTournée_EnCours","un booléen","Tournée_EnCours","_CChauffeur.wdc"
"CChauffeur","m_bChargement_EnCours","un booléen","Chargement_EnCours","_CChauffeur.wdc"
"CChauffeur","m_bDechargement_EnCours","un booléen","Dechargement_EnCours","_CChauffeur.wdc"
"CChauffeur","m_sCode_tournée","une chaîne ANSI","code_tournée","_CChauffeur.wdc"
"CChauffeur","m_dDate_tournee","une date","date_tournee","_CChauffeur.wdc"
"CChauffeur","m_xLatitude","un numérique","Latitude","_CChauffeur.wdc"
"CChauffeur","m_xLongitude","un numérique","Longitude","_CChauffeur.wdc"
"CChauffeur","m_rAltitude","un réel","Altitude","_CChauffeur.wdc"
"CChauffeur","m_rVitesse","un réel","Vitesse","_CChauffeur.wdc"
"CChauffeur","m_bEnPause","un booléen","EnPause","_CChauffeur.wdc"
"CChauffeur","m_dhDateHeurePosition","une dateheure","DateHeurePosition","_CChauffeur.wdc"
"CChauffeur","m_dhDateHeureReception","une dateheure","DateHeureReception","_CChauffeur.wdc"
"CChauffeur","m_Photo","un buffer","Photo","_CChauffeur.wdc"
"CDecoupage","m_nIDDecoupage","un entier sur 8 octets","IDDecoupage","_CDecoupage.wdc"
"CDecoupage","m_sCle_unique_agence","une chaîne","cle_unique_agence","_CDecoupage.wdc"
"CDecoupage","m_sNom_decoupage","une chaîne","Nom_decoupage","_CDecoupage.wdc"
"CDecoupage","m_sCode_Pays","une chaîne","Code_Pays","_CDecoupage.wdc"
"CDecoupage","m_sDepartement","une chaîne","Departement","_CDecoupage.wdc"
"CDecoupage","m_sCode_Postal","une chaîne","Code_Postal","_CDecoupage.wdc"
"CDecoupage","m_sReference","une chaîne","Reference","_CDecoupage.wdc"
"CDecoupage","m_bufAgence_nom","un buffer","Agence_nom","_CDecoupage.wdc"
"CDecoupage","m_bufCle_totale","un buffer","Cle_totale","_CDecoupage.wdc"
"CDecoupage","m_sDecoupage_cle_unique","une chaîne","Decoupage_cle_unique","_CDecoupage.wdc"
"CDecoupage","m_bufCle_decoupage","un buffer","Cle_decoupage","_CDecoupage.wdc"
"CDecoupage","m_bufCle_unique_agenceNom_decoupageCode_PaysDepartementCode_Postal","un buffer","cle_unique_agenceNom_decoupageCode_PaysDepartementCode_Postal","_CDecoupage.wdc"
"CDecoupage","m_nIndice_regroupement","un entier sans signe sur 1 octet","Indice_regroupement","_CDecoupage.wdc"
"CDecoupage","m_sVille","une chaine","Ville","_CDecoupage.wdc"
"Clients","m_sCle_unique_agence","une chaîne ANSI","cle_unique_agence","_Clients.wdc"
"Clients","m_sCode_clients","une chaîne ANSI","code_clients","_Clients.wdc"
"Clients","m_sNom_clients","une chaîne ANSI","Nom_clients","_Clients.wdc"
"Clients","m_sAdresse_1","une chaîne ANSI","adresse_1","_Clients.wdc"
"Clients","m_sAdresse_2","une chaîne ANSI","adresse_2","_Clients.wdc"
"Clients","m_sAdresse_3","une chaîne ANSI","adresse_3","_Clients.wdc"
"Clients","m_sCode_pays","une chaîne ANSI","Code_pays","_Clients.wdc"
"Clients","m_sCode_postal","une chaîne ANSI","Code_postal","_Clients.wdc"
"Clients","m_sVille","une chaîne ANSI","Ville","_Clients.wdc"
"Clients","m_sTelephone","une chaîne ANSI","Telephone","_Clients.wdc"
"Clients","m_sNum_fax","une chaîne ANSI","Num_fax","_Clients.wdc"
"Clients","m_sE_mail","une chaîne ANSI","E_mail","_Clients.wdc"
"Clients","m_sIdentifiant_TVA","une chaîne ANSI","Identifiant_TVA","_Clients.wdc"
"Clients","m_nPeriode_facturation","un entier sur 2 octets","Periode_facturation","_Clients.wdc"
"Clients","m_sCode_reglement","une chaîne ANSI","Code_reglement","_Clients.wdc"
"Clients","m_bFacturation_detailee","un booléen","Facturation_detailee","_Clients.wdc"
"Clients","m_nType_detail","un entier sur 2 octets","Type_detail","_Clients.wdc"
"Clients","m_sLibelle_de_facturation","une chaîne ANSI","Libelle_de_facturation","_Clients.wdc"
"Clients","m_moMontant_de_facturation","un monétaire","Montant_de_facturation","_Clients.wdc"
"Clients","m_bEdition_etiquette","un booléen","Edition_etiquette","_Clients.wdc"
"Clients","m_sSiret","une chaîne ANSI","Siret","_Clients.wdc"
"Clients","m_sIDentifiant_Ftp","une chaîne ANSI","IDentifiant_Ftp","_Clients.wdc"
"Clients","m_bRemontée_edi","un booléen","Remontée_edi","_Clients.wdc"
"Clients","m_sCode_traction","une chaîne ANSI","code_traction","_Clients.wdc"
"Clients","m_sDepot","une chaîne ANSI","depot","_Clients.wdc"
"Clients","m_sCode_tva_montant_factu","une chaîne ANSI","code_tva_montant_factu","_Clients.wdc"
"Clients","m_sContact","une chaîne ANSI","contact","_Clients.wdc"
"Clients","m_sNo_Mobile_contact","une chaîne ANSI","No_Mobile_contact","_Clients.wdc"
"Clients","m_sE_mail_contact","une chaîne ANSI","E_mail_contact","_Clients.wdc"
"Clients","m_sCode_ape","une chaîne ANSI","Code_ape","_Clients.wdc"
"Clients","m_sActivite","une chaîne ANSI","Activite","_Clients.wdc"
"Clients","m_dDate_application","une date","Date_application","_Clients.wdc"
"Clients","m_sGie","une chaîne ANSI","Gie","_Clients.wdc"
"Clients","m_bStation_Chargeur","un booléen","Station_Chargeur","_Clients.wdc"
"Clients","m_sIdentifiant","une chaîne ANSI","Identifiant","_Clients.wdc"
"Clients","m_sCompte_payeur","une chaîne ANSI","Compte_payeur","_Clients.wdc"
"Clients","m_bMaj_envergure","un booléen","Maj_envergure","_Clients.wdc"
"Clients","m_bEdit_etiquette_transfert","un booléen","edit_etiquette_transfert","_Clients.wdc"
"Clients","m_sNom_fac","une chaîne ANSI","Nom_fac","_Clients.wdc"
"Clients","m_sAd1_fac","une chaîne ANSI","Ad1_fac","_Clients.wdc"
"Clients","m_sAd2_fac","une chaîne ANSI","Ad2_fac","_Clients.wdc"
"Clients","m_sAd3_fac","une chaîne ANSI","Ad3_fac","_Clients.wdc"
"Clients","m_sPays_fac","une chaîne ANSI","Pays_fac","_Clients.wdc"
"Clients","m_sCpostal_fac","une chaîne ANSI","Cpostal_fac","_Clients.wdc"
"Clients","m_sVille_fac","une chaîne ANSI","Ville_fac","_Clients.wdc"
"Clients","m_sTel_fac","une chaîne ANSI","Tel_fac","_Clients.wdc"
"Clients","m_sFax_fac","une chaîne ANSI","Fax_fac","_Clients.wdc"
"Clients","m_sEmail_fac","une chaîne ANSI","Email_fac","_Clients.wdc"
"Clients","m_nClients_Correspondants","un entier sur 2 octets","Clients_Correspondants","_Clients.wdc"
"Clients","m_bEdition_recepisse","un booléen","edition_recepisse","_Clients.wdc"
"Clients","m_sCode_Visapack","une chaîne ANSI","Code_Visapack","_Clients.wdc"
"Clients","m_bGestion_des_souffrances","un booléen","Gestion_des_souffrances","_Clients.wdc"
"Clients","m_sMembre_reseau","une chaîne ANSI","Membre_reseau","_Clients.wdc"
"Clients","m_sFax_as","une chaîne ANSI","Fax_as","_Clients.wdc"
"Clients","m_sMail_as","une chaîne ANSI","Mail_as","_Clients.wdc"
"Clients","m_sRepertoire_emission","une chaîne ANSI","Repertoire_emission","_Clients.wdc"
"Clients","m_sLance_executable","une chaîne ANSI","lance_executable","_Clients.wdc"
"Clients","m_nType_emission","un entier sur 2 octets","Type_emission","_Clients.wdc"
"Clients","m_sEmail_edi","une chaîne ANSI","Email_edi","_Clients.wdc"
"Clients","m_bEnvoi_report","un booléen","Envoi_report","_Clients.wdc"
"Clients","m_sCode_banque","une chaîne ANSI","Code_banque","_Clients.wdc"
"Clients","m_sCode_guichet","une chaîne ANSI","Code_guichet","_Clients.wdc"
"Clients","m_sCode_compte","une chaîne ANSI","code_compte","_Clients.wdc"
"Clients","m_sCode_cle","une chaîne ANSI","Code_cle","_Clients.wdc"
"Clients","m_sDomiciliation","une chaîne ANSI","Domiciliation","_Clients.wdc"
"Clients","m_sE_mail_compta","une chaîne ANSI","e_mail_compta","_Clients.wdc"
"Clients","m_bFacture_par_Produit","un booléen","Facture_par_Produit","_Clients.wdc"
"Clients","m_bCompte_interdit","un booléen","compte_interdit","_Clients.wdc"
"Clients","m_sCompte_comptable","une chaîne ANSI","compte_comptable","_Clients.wdc"
"Clients","m_nIDCommercial","un entier","IDCommercial","_Clients.wdc"
"Clients","m_bPrelevement_automatique","un booléen","Prelevement_automatique","_Clients.wdc"
"Clients","m_sCode_secteur","une chaîne ANSI","Code_secteur","_Clients.wdc"
"Clients","m_nImpression_facture","un entier sur 2 octets","Impression_facture","_Clients.wdc"
"Clients","m_sCompte_taxation","une chaîne ANSI","compte_taxation","_Clients.wdc"
"Clients","m_bFacturation_au_code_evenements","un booléen","Facturation_au_code_evenements","_Clients.wdc"
"Clients","m_bCompte_general_pour_taxation","un booléen","Compte_general_pour_taxation","_Clients.wdc"
"Clients","m_bTransfert_internet_ramasse","un booléen","transfert_internet_ramasse","_Clients.wdc"
"Clients","m_bTransfert_internet_arrivage","un booléen","transfert_internet_arrivage","_Clients.wdc"
"Clients","m_bMail_sur_non_soldes","un booléen","Mail_sur_non_soldes","_Clients.wdc"
"Clients","m_sAdresse_mail_non_soldes","une chaîne ANSI","Adresse_mail_non_soldes","_Clients.wdc"
"Clients","m_sNum_gtf","une chaîne ANSI","Num_gtf","_Clients.wdc"
"Clients","m_bEmargé_avec_facture","un booléen","emargé_avec_facture","_Clients.wdc"
"Clients","m_sCode_situation_2eme_presentation","une chaîne ANSI","code_situation_2eme_presentation","_Clients.wdc"
"Clients","m_sCode_justification_2eme_presentation","une chaîne ANSI","code_justification_2eme_presentation","_Clients.wdc"
"Clients","m_sCode_tarif_2eme_presentation","une chaîne ANSI","code_tarif_2eme_presentation","_Clients.wdc"
"Clients","m_bFactoring","un booléen","Factoring","_Clients.wdc"
"Clients","m_moMontant_mini_pour_factor","un monétaire","Montant_mini_pour_factor","_Clients.wdc"
"Clients","m_bEnvoi_qte_taxable_en_edi","un booléen","envoi_qte_taxable_en_edi","_Clients.wdc"
"Clients","m_bReception_qte_taxable_en_edi","un booléen","reception_qte_taxable_en_edi","_Clients.wdc"
"Clients","m_bExport_facture","un booléen","Export_facture","_Clients.wdc"
"Clients","m_sInterface_d_exportation_facture","une chaîne ANSI","Interface_d_exportation_facture","_Clients.wdc"
"Clients","m_nType_envoi_export_facture","un entier sur 2 octets","Type_envoi_export_facture","_Clients.wdc"
"Clients","m_sEmail_export_facture","une chaîne ANSI","Email_export_facture","_Clients.wdc"
"Clients","m_sNom_fichier_facture","une chaîne ANSI","nom_fichier_facture","_Clients.wdc"
"Clients","m_sEmplacement_fichier_facture","une chaîne ANSI","emplacement_fichier_facture","_Clients.wdc"
"Clients","m_bImpression_recepisse_pour_le_correspondant","un booléen","Impression_recepisse_pour_le_correspondant","_Clients.wdc"
"Clients","m_bImpression_recepisse_reçu","un booléen","Impression_recepisse_reçu","_Clients.wdc"
"Clients","m_bReleve_de_facture","un booléen","Releve_de_facture","_Clients.wdc"
"Clients","m_sCompte_global_de_facturation","une chaîne ANSI","Compte_global_de_facturation","_Clients.wdc"
"Clients","m_nNb_releve","un entier sans signe sur 1 octet","nb_releve","_Clients.wdc"
"Clients","m_sCode_plateforme","une chaîne ANSI","Code_plateforme","_Clients.wdc"
"Clients","m_bSaisie_en_ligne","un booléen","Saisie_en_ligne","_Clients.wdc"
"Clients","m_sLogin_saisie_en_ligne","une chaîne ANSI","login_saisie_en_ligne","_Clients.wdc"
"Clients","m_sMot_de_passe_saisie_en_ligne","une chaîne ANSI","mot_de_passe_saisie_en_ligne","_Clients.wdc"
"Clients","m_sCode_Produit_en_ligne_1","une chaîne ANSI","Code_Produit_en_ligne","_Clients.wdc"
"Clients","m_sCode_Produit_en_ligne_2","une chaîne ANSI","Code_Produit_en_ligne_2","_Clients.wdc"
"Clients","m_sCode_Produit_en_ligne_3","une chaîne ANSI","Code_Produit_en_ligne_3","_Clients.wdc"
"Clients","m_sCode_Produit_en_ligne_4","une chaîne ANSI","Code_Produit_en_ligne_4","_Clients.wdc"
"Clients","m_sCode_Produit_en_ligne_5","une chaîne ANSI","Code_Produit_en_ligne_5","_Clients.wdc"
"Clients","m_sCode_Produit_en_ligne_6","une chaîne ANSI","Code_Produit_en_ligne_6","_Clients.wdc"
"Clients","m_sCode_Produit_en_ligne_7","une chaîne ANSI","Code_Produit_en_ligne_7","_Clients.wdc"
"Clients","m_sCode_Produit_en_ligne_8","une chaîne ANSI","Code_Produit_en_ligne_8","_Clients.wdc"
"Clients","m_sCode_Produit_en_ligne_9","une chaîne ANSI","Code_Produit_en_ligne_9","_Clients.wdc"
"Clients","m_sCode_Produit_en_ligne_10","une chaîne ANSI","Code_Produit_en_ligne_10","_Clients.wdc"
"Clients","m_bProduit_autorise_en_ligne_1","un booléen","produit_autorise_en_ligne","_Clients.wdc"
"Clients","m_bProduit_autorise_en_ligne_2","un booléen","produit_autorise_en_ligne_2","_Clients.wdc"
"Clients","m_bProduit_autorise_en_ligne_3","un booléen","produit_autorise_en_ligne_3","_Clients.wdc"
"Clients","m_bProduit_autorise_en_ligne_4","un booléen","produit_autorise_en_ligne_4","_Clients.wdc"
"Clients","m_bProduit_autorise_en_ligne_5","un booléen","produit_autorise_en_ligne_5","_Clients.wdc"
"Clients","m_bProduit_autorise_en_ligne_6","un booléen","produit_autorise_en_ligne_6","_Clients.wdc"
"Clients","m_bProduit_autorise_en_ligne_7","un booléen","produit_autorise_en_ligne_7","_Clients.wdc"
"Clients","m_bProduit_autorise_en_ligne_8","un booléen","produit_autorise_en_ligne_8","_Clients.wdc"
"Clients","m_bProduit_autorise_en_ligne_9","un booléen","produit_autorise_en_ligne_9","_Clients.wdc"
"Clients","m_bProduit_autorise_en_ligne_10","un booléen","produit_autorise_en_ligne_10","_Clients.wdc"
"Clients","m_bListing_factu","un booléen","Listing_factu","_Clients.wdc"
"Clients","m_bRe_expedition","un booléen","Re_expedition","_Clients.wdc"
"Clients","m_nSaisie_prioritaire","un entier sur 2 octets","Saisie_prioritaire","_Clients.wdc"
"Clients","m_moRapport_qte_taxable_poids","un monétaire","Rapport_qte_taxable_poids","_Clients.wdc"
"Clients","m_bTransfert_internet","un booléen","Transfert_internet","_Clients.wdc"
"Clients","m_bTransfert_internet_portail","un booléen","transfert_internet_portail","_Clients.wdc"
"Clients","m_moRapport_poids_volume","un monétaire","rapport_poids_volume","_Clients.wdc"
"Clients","m_bClients_divers","un booléen","Clients_divers","_Clients.wdc"
"Clients","m_bIncoterm_obligatoire","un booléen","Incoterm_obligatoire","_Clients.wdc"
"Clients","m_bEdition_des_arrivages_conformes_sur_RA","un booléen","Edition_des_arrivages_conformes_sur_RA","_Clients.wdc"
"Clients","m_bEmail_souffrance","un booléen","email_souffrance","_Clients.wdc"
"Clients","m_sAd_mail_souffrance","une chaîne ANSI","ad_mail_souffrance","_Clients.wdc"
"Clients","m_bFacturation_forfaitaire_mensuelle","un booléen","Facturation_forfaitaire_mensuelle","_Clients.wdc"
"Clients","m_moMontant_facturation_forfaitaire_mensuelle","un monétaire","Montant_facturation_forfaitaire_mensuelle","_Clients.wdc"
"Clients","m_nRubrique_edition_facture","un entier sur 2 octets","Rubrique_edition_facture","_Clients.wdc"
"Clients","m_bNon_facturation_client","un booléen","non_facturation_client","_Clients.wdc"
"Clients","m_sCle_recherche_pour_intergance","une chaîne ANSI","cle_recherche_pour_intergance","_Clients.wdc"
"Clients","m_bExportation_facture_xls","un booléen","exportation_facture_xls","_Clients.wdc"
"Clients","m_sEmail_service_affretement","une chaîne","email_service_affretement","_Clients.wdc"
"CLivraisonTournee","m_nIDTournee_Numerique","un entier sur 8 octets","IDTournee_Numerique","_CLivraisonTournee.wdc"
"CLivraisonTournee","m_sCode_tournée","une chaîne ANSI","code_tournée","_CLivraisonTournee.wdc"
"CLivraisonTournee","m_dDate_tournee","une date","date_tournee","_CLivraisonTournee.wdc"
"CLivraisonTournee","m_nIDChauffeur","un entier sur 8 octets","IDChauffeur","_CLivraisonTournee.wdc"
"CLivraisonTournee","m_nIDExpedition","un entier sur 8 octets","IDExpedition","_CLivraisonTournee.wdc"
"CLivraisonTournee","m_bTraitee","un booléen","Traitee","_CLivraisonTournee.wdc"
"CLivraisonTournee","m_bReserve","un booléen","Reserve","_CLivraisonTournee.wdc"
"CLivraisonTournee","m_xLatitude","un numérique","Latitude","_CLivraisonTournee.wdc"
"CLivraisonTournee","m_xLongitude","un numérique","Longitude","_CLivraisonTournee.wdc"
"CLivraisonTournee","m_sNom_destinataire","une chaîne ANSI","Nom_destinataire","_CLivraisonTournee.wdc"
"CLivraisonTournee","m_sAdresse1_des","une chaîne ANSI","Adresse1_des","_CLivraisonTournee.wdc"
"CLivraisonTournee","m_sAdresse2_des","une chaîne ANSI","Adresse2_des","_CLivraisonTournee.wdc"
"CLivraisonTournee","m_sAdresse3_des","une chaîne ANSI","Adresse3_des","_CLivraisonTournee.wdc"
"CLivraisonTournee","m_sPays_des","une chaîne ANSI","Pays_des","_CLivraisonTournee.wdc"
"CLivraisonTournee","m_sCode_postal_des","une chaîne ANSI","Code_postal_des","_CLivraisonTournee.wdc"
"CLivraisonTournee","m_sVille_des","une chaîne ANSI","Ville_des","_CLivraisonTournee.wdc"
"CTarifs","m_nIDTarif","un entier sur 8 octets","IDTarif","_CTarifs.wdc"
"CTarifs","m_sCle_unique_agence","une chaîne","cle_unique_agence","_CTarifs.wdc"
"CTarifs","m_sCode_tarif","une chaîne","Code_tarif","_CTarifs.wdc"
"CTarifs","m_dDate_application","une date","date_application","_CTarifs.wdc"
"CTarifs","m_nType_tarif","un entier sur 2 octets","type_tarif","_CTarifs.wdc"
"CTarifs","m_moTaxe_annexe","un monétaire","taxe_annexe","_CTarifs.wdc"
"CTarifs","m_bufAgence_code_date","un buffer","Agence_code_date","_CTarifs.wdc"
"CTarifs","m_bufTarif_cle_unique","un buffer","Tarif_cle_unique","_CTarifs.wdc"
"CTarifs","m_bufAgence_code","un buffer","Agence_code","_CTarifs.wdc"
"CTarifs","m_sNom_decoupage","une chaîne","Nom_decoupage","_CTarifs.wdc"
"CTarifs","m_sCode_borne","une chaîne","code_borne","_CTarifs.wdc"
"CTarifs","m_bufCle_unique_agencecode_borne","un buffer","cle_unique_agencecode_borne","_CTarifs.wdc"
"CTarifs","m_bufCle_unique_agenceCode_tarifdate_applicationNom_decoupage","un buffer","cle_unique_agenceCode_tarifdate_applicationNom_decoupage","_CTarifs.wdc"
"CTarifsClient","m_nIDTarifcli","un entier sur 8 octets","IDTarifcli","_CTarifsClient.wdc"
"CTarifsClient","m_sCle_unique_agence","une chaîne","cle_unique_agence","_CTarifsClient.wdc"
"CTarifsClient","m_sCode_produit","une chaîne","code_produit","_CTarifsClient.wdc"
"CTarifsClient","m_dDate_application","une date","date_application","_CTarifsClient.wdc"
"CTarifsClient","m_sCode_clients","une chaîne","code_clients","_CTarifsClient.wdc"
"CTarifsClient","m_nType_tarif","un entier sur 2 octets","type_tarif","_CTarifsClient.wdc"
"CTarifsClient","m_sCode_tarif","une chaîne","Code_tarif","_CTarifsClient.wdc"
"CTarifsClient","m_sCode_timbre_port_paye","une chaîne","code_timbre_port_paye","_CTarifsClient.wdc"
"CTarifsClient","m_sCode_timbre_valeur_declaree","une chaîne","code_timbre_valeur_declaree","_CTarifsClient.wdc"
"CTarifsClient","m_nMajo_mino","un entier sur 2 octets","Majo_mino","_CTarifsClient.wdc"
"CTarifsClient","m_moValeur_majo_mino","un monétaire","Valeur_majo_mino","_CTarifsClient.wdc"
"CTarifsClient","m_bufAgence_produit_client_type_date","un buffer","Agence_produit_client_type_date","_CTarifsClient.wdc"
"CTarifsClient","m_bufAgence_clients_type_date","un buffer","Agence_clients_type_date","_CTarifsClient.wdc"
"CTarifsClient","m_dDate_fin_application","une date","date_fin_application","_CTarifsClient.wdc"
"CTarifsClient","m_sCode_timbre_cr","une chaîne","Code_timbre_cr","_CTarifsClient.wdc"
"CTarifsClient","m_sCode_timbre_Pd","une chaîne","Code_timbre_Pd","_CTarifsClient.wdc"
"CTarifsClient","m_sTarif_traction","une chaîne","Tarif_traction","_CTarifsClient.wdc"
"CTarifsClient","m_sCode_tarif_colis","une chaîne","Code_tarif_colis","_CTarifsClient.wdc"
"CTarifsClient","m_sCode_tarif_volume","une chaîne","Code_tarif_volume","_CTarifsClient.wdc"
"CTarifsClient","m_sCode_tarif_longueur","une chaîne","Code_tarif_longueur","_CTarifsClient.wdc"
"Expedition_Matieres","m_nIDExpedition_Matieres","un entier sur 8 octets","IDExpedition_Matieres","_Expedition_Matieres.wdc"
"Expedition_Matieres","m_nIDExpedition","un entier sur 8 octets","IDExpedition","_Expedition_Matieres.wdc"
"Expedition_Matieres","m_sDescription","une chaîne ANSI","description","_Expedition_Matieres.wdc"
"Expedition_Matieres","m_sRegime_reglementaire","une chaîne ANSI","Regime_reglementaire","_Expedition_Matieres.wdc"
"Expedition_Matieres","m_sCode_matiere","une chaîne ANSI","Code_matiere","_Expedition_Matieres.wdc"
"Expedition_Matieres","m_sCode_classification","une chaîne ANSI","Code_classification","_Expedition_Matieres.wdc"
"Expedition_Matieres","m_sNumero_version_code_matieres","une chaîne ANSI","Numero_version_code_matieres","_Expedition_Matieres.wdc"
"Expedition_Matieres","m_nNumero_undg","un entier sans signe sur 2 octets","Numero_undg","_Expedition_Matieres.wdc"
"Expedition_Matieres","m_sTemperature_inflammation","une chaîne ANSI","Temperature_inflammation","_Expedition_Matieres.wdc"
"Expedition_Matieres","m_sSpecifiant_unite_de_mesure","une chaîne ANSI","Specifiant_unite_de_mesure","_Expedition_Matieres.wdc"
"Expedition_Matieres","m_nTemperature_inflammation_consignation","un entier sans signe sur 2 octets","Temperature_inflammation_consignation","_Expedition_Matieres.wdc"
"Expedition_Matieres","m_nGroupe_emballage","un entier sans signe sur 1 octet","Groupe_emballage","_Expedition_Matieres.wdc"
"Expedition_Matieres","m_sNumero_ems","une chaîne ANSI","numero_ems","_Expedition_Matieres.wdc"
"Expedition_Matieres","m_sMfag","une chaîne ANSI","Mfag","_Expedition_Matieres.wdc"
"Expedition_Matieres","m_sNum_carte_trem","une chaîne ANSI","Num_carte_trem","_Expedition_Matieres.wdc"
"Expedition_Matieres","m_sNumero_identification_matieres_superieur","une chaîne ANSI","Numero_identification_matieres_superieur","_Expedition_Matieres.wdc"
"Expedition_Matieres","m_sNumero_identification_matiere_inferieur","une chaîne ANSI","Numero_identification_matiere_inferieur","_Expedition_Matieres.wdc"
"Expedition_Matieres","m_sEtiquetes_matieres_1","une chaîne ANSI","Etiquetes_matieres_1","_Expedition_Matieres.wdc"
"Expedition_Matieres","m_sEtiquette_matieres_2","une chaîne ANSI","Etiquette_matieres_2","_Expedition_Matieres.wdc"
"Expedition_Matieres","m_sEtiquetes_matieres_3","une chaîne ANSI","Etiquetes_matieres_3","_Expedition_Matieres.wdc"
"Expedition_Matieres","m_sEtiquetes_matieres_4","une chaîne ANSI","Etiquetes_matieres_4","_Expedition_Matieres.wdc"
"Expedition_Matieres","m_sInstruction_emballage_code","une chaîne ANSI","Instruction_emballage_code","_Expedition_Matieres.wdc"
"Expedition_Matieres","m_sCategorie_moyen_transport","une chaîne ANSI","Categorie_moyen_transport","_Expedition_Matieres.wdc"
"Expedition_Matieres","m_sAutorisation_de_transport_codee","une chaîne ANSI","Autorisation_de_transport_codee","_Expedition_Matieres.wdc"
"Expedition_Matieres","m_nNumero_d_ordre","un entier sans signe sur 4 octets","Numero_d_ordre","_Expedition_Matieres.wdc"
"Expedition_Matieres","m_nPoids_brut_gramme","un entier sans signe sur 8 octets","Poids_brut_gramme","_Expedition_Matieres.wdc"
"Expedition_Matieres","m_nQte_net","un entier sans signe sur 8 octets","qte_net","_Expedition_Matieres.wdc"
"Expedition_Matieres","m_sUnite_mesure_qte_net","une chaîne ANSI","Unite_mesure_qte_net","_Expedition_Matieres.wdc"
"Expedition_Matieres","m_nNb_recipient","un entier sans signe sur 4 octets","Nb_recipient","_Expedition_Matieres.wdc"
"Expedition_Matieres","m_sCode_type_emballage","une chaîne ANSI","code_type_emballage","_Expedition_Matieres.wdc"
"Expedition_Matieres","m_sLibelle_type_emabllage","une chaîne ANSI","libelle_type_emabllage","_Expedition_Matieres.wdc"
"Expedition_Matieres","m_sDesignation_officielle","une chaîne ANSI","designation_officielle","_Expedition_Matieres.wdc"
"Expedition_Matieres","m_sNom_technique","une chaîne ANSI","Nom_technique","_Expedition_Matieres.wdc"
"Expedition_Matieres","m_sInfo_complementaire","une chaîne ANSI","Info_complementaire","_Expedition_Matieres.wdc"
"Expedition_Matieres","m_sAutres_instruction_1","une chaîne ANSI","Autres_instruction_1","_Expedition_Matieres.wdc"
"Expedition_Matieres","m_sAutres_instruction_2","une chaîne ANSI","Autres_instruction_2","_Expedition_Matieres.wdc"
"Expedition_Matieres","m_sQualifiant_code_article","une chaîne ANSI","qualifiant_code_article","_Expedition_Matieres.wdc"
"Expedition_Matieres","m_sCode_article_emetteur","une chaîne ANSI","Code_article_emetteur","_Expedition_Matieres.wdc"
"Expedition_Matieres","m_sInformation_generale","une chaîne ANSI","Information_generale","_Expedition_Matieres.wdc"
"Expedition_Matieres","m_sCode_tunnel","une chaîne ANSI","code_tunnel","_Expedition_Matieres.wdc"
"Expedition_Matieres","m_nPoids_colis_gramme","un entier sans signe sur 8 octets","poids_colis_gramme","_Expedition_Matieres.wdc"
"Expedition_Matieres","m_nNb_colis","un entier sans signe sur 4 octets","Nb_colis","_Expedition_Matieres.wdc"
"Expedition_Matieres","m_sLq_eq","une chaîne ANSI","lq_eq","_Expedition_Matieres.wdc"
"Expedition","m_nIDExpedition","un entier sur 8 octets","IDExpedition","_Expedition.wdc"
"Expedition","m_sCle_unique_agence","une chaîne ANSI","cle_unique_agence","_Expedition.wdc"
"Expedition","m_sRecepisse","une chaîne ANSI","Recepisse","_Expedition.wdc"
"Expedition","m_nType_expedition","un entier sur 2 octets","Type_expedition","_Expedition.wdc"
"Expedition","m_nPort","un entier sur 2 octets","Port","_Expedition.wdc"
"Expedition","m_sCode_expediteur","une chaîne ANSI","Code_expediteur","_Expedition.wdc"
"Expedition","m_sNom_expediteur","une chaîne ANSI","Nom_expediteur","_Expedition.wdc"
"Expedition","m_sAdresse1_exp","une chaîne ANSI","Adresse1_exp","_Expedition.wdc"
"Expedition","m_sAdresse2_exp","une chaîne ANSI","Adresse2_exp","_Expedition.wdc"
"Expedition","m_sAdresse3_exp","une chaîne ANSI","Adresse3_exp","_Expedition.wdc"
"Expedition","m_sPays_exp","une chaîne ANSI","Pays_exp","_Expedition.wdc"
"Expedition","m_sCode_postal_exp","une chaîne ANSI","Code_postal_exp","_Expedition.wdc"
"Expedition","m_sVille_exp","une chaîne ANSI","ville_exp","_Expedition.wdc"
"Expedition","m_sNom_destinataire","une chaîne ANSI","Nom_destinataire","_Expedition.wdc"
"Expedition","m_sAdresse1_des","une chaîne ANSI","Adresse1_des","_Expedition.wdc"
"Expedition","m_sAdresse2_des","une chaîne ANSI","Adresse2_des","_Expedition.wdc"
"Expedition","m_sAdresse3_des","une chaîne ANSI","Adresse3_des","_Expedition.wdc"
"Expedition","m_sPays_des","une chaîne ANSI","Pays_des","_Expedition.wdc"
"Expedition","m_sCode_postal_des","une chaîne ANSI","Code_postal_des","_Expedition.wdc"
"Expedition","m_sVille_des","une chaîne ANSI","Ville_des","_Expedition.wdc"
"Expedition","m_sCompte_payeur","une chaîne ANSI","Compte_payeur","_Expedition.wdc"
"Expedition","m_nColis","un entier sans signe sur 4 octets","Colis","_Expedition.wdc"
"Expedition","m_moPoids","un monétaire","Poids","_Expedition.wdc"
"Expedition","m_dDate_facturation","une date","Date_facturation","_Expedition.wdc"
"Expedition","m_sNumero_Facture","une chaîne ANSI","Numero_Facture","_Expedition.wdc"
"Expedition","m_sCode_validation_facture","une chaîne ANSI","Code_validation_facture","_Expedition.wdc"
"Expedition","m_moValeur_declaree","un monétaire","Valeur_declaree","_Expedition.wdc"
"Expedition","m_moTaxe_additionnelle","un monétaire","Taxe_additionnelle","_Expedition.wdc"
"Expedition","m_moTaxe_Valeur_declaree","un monétaire","Taxe_Valeur_declaree","_Expedition.wdc"
"Expedition","m_moMontant_transport","un monétaire","Montant_transport","_Expedition.wdc"
"Expedition","m_sCode_tva","une chaîne ANSI","code_tva","_Expedition.wdc"
"Expedition","m_sInstruction1","une chaîne ANSI","Instruction1","_Expedition.wdc"
"Expedition","m_sInstruction2","une chaîne ANSI","Instruction2","_Expedition.wdc"
"Expedition","m_dDate_imperative_liv","une date","Date_imperative_liv","_Expedition.wdc"
"Expedition","m_sCode_produit","une chaîne ANSI","Code_produit","_Expedition.wdc"
"Expedition","m_sCode_adherent","une chaîne ANSI","Code_adherent","_Expedition.wdc"
"Expedition","m_sAdherent_livreur","une chaîne ANSI","Adherent_livreur","_Expedition.wdc"
"Expedition","m_sNature_marchandise","une chaîne ANSI","Nature_marchandise","_Expedition.wdc"
"Expedition","m_moValeur_marchandise","un monétaire","Valeur_marchandise","_Expedition.wdc"
"Expedition","m_sDiffere_annulation","une chaîne ANSI","Differe_annulation","_Expedition.wdc"
"Expedition","m_bTaxation_automatique","un booléen","Taxation_automatique","_Expedition.wdc"
"Expedition","m_dDate_depart","une date","date_depart","_Expedition.wdc"
"Expedition","m_bSoldée","un booléen","Soldée","_Expedition.wdc"
"Expedition","m_sBordereau_editer","une chaîne ANSI","bordereau_editer","_Expedition.wdc"
"Expedition","m_dDate_bordereau_groupage","une date","date_bordereau_groupage","_Expedition.wdc"
"Expedition","m_sNumero_bdx_groupage","une chaîne ANSI","Numero_bdx_groupage","_Expedition.wdc"
"Expedition","m_nIndice_bdx_groupage","un entier sans signe sur 2 octets","Indice_bdx_groupage","_Expedition.wdc"
"Expedition","m_sTel_des","une chaîne ANSI","tel_des","_Expedition.wdc"
"Expedition","m_sFax_des","une chaîne ANSI","fax_des","_Expedition.wdc"
"Expedition","m_sE_mail_des","une chaîne ANSI","e_mail_des","_Expedition.wdc"
"Expedition","m_sCommande","une chaîne ANSI","commande","_Expedition.wdc"
"Expedition","m_sTel_expediteur","une chaîne ANSI","Tel_expediteur","_Expedition.wdc"
"Expedition","m_sFacture_editée","une chaîne ANSI","facture_editée","_Expedition.wdc"
"Expedition","m_dDate_arrivage","une date","date_arrivage","_Expedition.wdc"
"Expedition","m_sEtiquuette_editee","une chaîne ANSI","Etiquuette_editee","_Expedition.wdc"
"Expedition","m_sQuai_charge","une chaîne ANSI","Quai_charge","_Expedition.wdc"
"Expedition","m_AA","une chaîne ANSI","AA","_Expedition.wdc"
"Expedition","m_MM","une chaîne ANSI","MM","_Expedition.wdc"
"Expedition","m_nNumero_posititon","un entier sans signe sur 4 octets","Numero_posititon","_Expedition.wdc"
"Expedition","m_moCremb","un monétaire","cremb","_Expedition.wdc"
"Expedition","m_sCode_routage","une chaîne ANSI","code_routage","_Expedition.wdc"
"Expedition","m_sRecepisse_edite","une chaîne ANSI","recepisse_edite","_Expedition.wdc"
"Expedition","m_moMontant_tva","un monétaire","montant_tva","_Expedition.wdc"
"Expedition","m_moTaxe_cremb","un monétaire","Taxe_cremb","_Expedition.wdc"
"Expedition","m_moAssigne","un monétaire","assigne","_Expedition.wdc"
"Expedition","m_sReference_edi","une chaîne ANSI","reference_edi","_Expedition.wdc"
"Expedition","m_sCode_barre_unique","une chaîne ANSI","Code_barre_unique","_Expedition.wdc"
"Expedition","m_moMontant_sst","un monétaire","montant_sst","_Expedition.wdc"
"Expedition","m_moTaxe_cr_sst","un monétaire","Taxe_cr_sst","_Expedition.wdc"
"Expedition","m_moTaxe_vd_sst","un monétaire","taxe_vd_sst","_Expedition.wdc"
"Expedition","m_moTaxe_sst","un monétaire","Taxe_sst","_Expedition.wdc"
"Expedition","m_moTraction_sst","un monétaire","traction_sst","_Expedition.wdc"
"Expedition","m_moTaxe_traction","un monétaire","Taxe_traction","_Expedition.wdc"
"Expedition","m_moPaq_plateforme","un monétaire","Paq_plateforme","_Expedition.wdc"
"Expedition","m_moTraction_plateforme","un monétaire","Traction_plateforme","_Expedition.wdc"
"Expedition","m_moMontant_enl","un monétaire","Montant_enl","_Expedition.wdc"
"Expedition","m_moTaxe_enl","un monétaire","Taxe_enl","_Expedition.wdc"
"Expedition","m_moTaxe_vd_enl","un monétaire","taxe_vd_enl","_Expedition.wdc"
"Expedition","m_moTaxe_cr_enl","un monétaire","Taxe_cr_enl","_Expedition.wdc"
"Expedition","m_rTraction_enl","un réel sur 4 octets","traction_enl","_Expedition.wdc"
"Expedition","m_sCode_tournée_ramasse","une chaîne ANSI","code_tournée_ramasse","_Expedition.wdc"
"Expedition","m_dDate_ramasse","une date","date_ramasse","_Expedition.wdc"
"Expedition","m_bAffectation_tournee","un booléen","affectation_tournee","_Expedition.wdc"
"Expedition","m_sCode_tournée_livraison","une chaîne ANSI","Code_tournée_livraison","_Expedition.wdc"
"Expedition","m_nType_reglement","un entier sur 2 octets","Type_reglement","_Expedition.wdc"
"Expedition","m_moMontant_prestation","un monétaire","Montant_prestation","_Expedition.wdc"
"Expedition","m_nNUmero_bon_transitaire","un entier sans signe sur 4 octets","NUmero_bon_transitaire","_Expedition.wdc"
"Expedition","m_dDate_bon_transitaire","une date","Date_bon_transitaire","_Expedition.wdc"
"Expedition","m_bTransfert_internet","un booléen","Transfert_internet","_Expedition.wdc"
"Expedition","m_bTransmis_vers_site_central","un booléen","Transmis_vers_site_central","_Expedition.wdc"
"Expedition","m_nIdexpedition_origine","un entier sans signe sur 8 octets","idexpedition_origine","_Expedition.wdc"
"Expedition","m_sCode_affrete","une chaîne ANSI","code_affrete","_Expedition.wdc"
"Expedition","m_moPrix_de_vente","un monétaire","Prix_de_vente","_Expedition.wdc"
"Expedition","m_sNum_dossier","une chaîne ANSI","Num_dossier","_Expedition.wdc"
"Expedition","m_bFacture_pointee","un booléen","Facture_pointee","_Expedition.wdc"
"Expedition","m_nIndice_regroupement","un entier sans signe sur 1 octet","Indice_regroupement","_Expedition.wdc"
"Expedition","m_sNumero_emarge","une chaîne ANSI","Numero_emarge","_Expedition.wdc"
"Expedition","m_sLibelle_litige","une chaîne ANSI","libelle_litige","_Expedition.wdc"
"Expedition","m_moQuantite_taxable","un monétaire","Quantite_taxable","_Expedition.wdc"
"Expedition","m_nIDType_Consigne","un entier sur 8 octets","IDType_Consigne","_Expedition.wdc"
"Expedition","m_nQuantite_consigne","un entier sans signe sur 1 octet","Quantite_consigne","_Expedition.wdc"
"Expedition","m_bEmarge_scanne","un booléen","Emarge_scanne","_Expedition.wdc"
"Expedition","m_bDevis","un booléen","devis","_Expedition.wdc"
"Expedition","m_nNumero_devis","un entier sans signe sur 4 octets","numero_devis","_Expedition.wdc"
"Expedition","m_sCommentaire_devis","une chaîne","Commentaire_devis","_Expedition.wdc"
"Expedition","m_nNb_vehicule","un entier sans signe sur 2 octets","nb_vehicule","_Expedition.wdc"
"Expedition","m_bPos_recue_en_edi","un booléen","Pos_recue_en_edi","_Expedition.wdc"
"Expedition","m_bCr_encaisse","un booléen","cr_encaisse","_Expedition.wdc"
"Expedition","m_bAssigne_encaisse","un booléen","Assigne_encaisse","_Expedition.wdc"
"Expedition","m_bFacture_confrere_recue","un booléen","facture_confrere_recue","_Expedition.wdc"
"Expedition","m_sBorderau_arrivage","une chaîne ANSI","borderau_arrivage","_Expedition.wdc"
"Expedition","m_dDate_bdx_arrivage","une date","date_bdx_arrivage","_Expedition.wdc"
"Expedition","m_sCode_barre_recepisse","une chaîne ANSI","Code_barre_recepisse","_Expedition.wdc"
"Expedition","m_sNom_pdf_facture","une chaîne ANSI","nom_pdf_facture","_Expedition.wdc"
"Expedition","m_sNom_pdf_releve_facture","une chaîne ANSI","nom_pdf_releve_facture","_Expedition.wdc"
"Expedition","m_sCode_Plateforme1","une chaîne ANSI","code_Plateforme1","_Expedition.wdc"
"Expedition","m_sCode_Plateforme2","une chaîne ANSI","code_Plateforme2","_Expedition.wdc"
"Expedition","m_moMontant_tva_assigne","un monétaire","Montant_tva_assigne","_Expedition.wdc"
"Expedition","m_bTransferer_vers_convergence","un booléen","transferer_vers_convergence","_Expedition.wdc"
"Expedition","m_bExpedition_non_conforme_pour_convergence","un booléen","expedition_non_conforme_pour_convergence","_Expedition.wdc"
"Expedition","m_moVolume","un monétaire","volume","_Expedition.wdc"
"Expedition","m_bSouffrance","un booléen","Souffrance","_Expedition.wdc"
"Expedition","m_dDate_envoie_cr","une date","Date_envoie_cr","_Expedition.wdc"
"Expedition","m_sCode_incoterm","une chaîne ANSI","code_incoterm","_Expedition.wdc"
"Expedition","m_sCompte_reception_edi","une chaîne ANSI","Compte_reception_edi","_Expedition.wdc"
"Expedition","m_sTransfert_modif_vers_convergence","une chaîne ANSI","transfert_modif_vers_convergence","_Expedition.wdc"
"Expedition","m_sExpedition_modifiee_pour_convergence","une chaîne ANSI","expedition_modifiee_pour_convergence","_Expedition.wdc"
"Expedition","m_moMontant_gasoil","un monétaire","montant_gasoil","_Expedition.wdc"
"Expedition","m_bPrix_convenu_sst","un booléen","prix_convenu_sst","_Expedition.wdc"
"Expedition","m_sLieu_enlevement","une chaîne ANSI","Lieu_enlevement","_Expedition.wdc"
"Expedition","m_sAd1_enlevement","une chaîne ANSI","ad1_enlevement","_Expedition.wdc"
"Expedition","m_sAd2_enlevement","une chaîne ANSI","ad2_enlevement","_Expedition.wdc"
"Expedition","m_sAd3_enlevement","une chaîne ANSI","ad3_enlevement","_Expedition.wdc"
"Expedition","m_sPays_enlemenent","une chaîne ANSI","Pays_enlemenent","_Expedition.wdc"
"Expedition","m_sCode_Postal_enlevement","une chaîne ANSI","code_Postal_enlevement","_Expedition.wdc"
"Expedition","m_sVille_enlevement","une chaîne ANSI","Ville_enlevement","_Expedition.wdc"
"Expedition","m_sTel_enlevement","une chaîne ANSI","tel_enlevement","_Expedition.wdc"
"Expedition","m_sFax_enlevement","une chaîne ANSI","Fax_enlevement","_Expedition.wdc"
"Expedition","m_sComplement_information_enlevement","une chaîne","Complement_information_enlevement","_Expedition.wdc"
"Expedition","m_nLongueur","un entier sans signe sur 4 octets","longueur","_Expedition.wdc"
"Expedition","m_nLargeur","un entier sans signe sur 4 octets","Largeur","_Expedition.wdc"
"Expedition","m_nHauteur","un entier sans signe sur 4 octets","hauteur","_Expedition.wdc"
"Expedition","m_sCode_destinataire_expedit","une chaîne ANSI","code_destinataire_expedit","_Expedition.wdc"
"Expedition","m_nIDMarchandise","un entier sur 8 octets","IDMarchandise","_Expedition.wdc"
"Expedition","m_sRecepisse_origine","une chaîne ANSI","recepisse_origine","_Expedition.wdc"
"Expedition","m_sNum_retour","une chaîne ANSI","Num_retour","_Expedition.wdc"
"Expedition","m_nIDEnlevement","un entier sur 8 octets","IDEnlevement","_Expedition.wdc"
"Expedition","m_sCode_destinataire_edi","une chaîne ANSI","code_destinataire_edi","_Expedition.wdc"
"Expedition","m_sCode_chauffeur","une chaîne ANSI","Code_chauffeur","_Expedition.wdc"
"Expedition","m_bMatiere_dangereuse","un booléen","matiere_dangereuse","_Expedition.wdc"
"Expedition","m_sRensignement_Divers","une chaîne","Rensignement_Divers","_Expedition.wdc"
"Expedition","m_sCodeBarre_Recu_Edi","une chaîne ANSI","CodeBarre_Recu_Edi","_Expedition.wdc"
"Expedition","m_xLatitude_gps","un numérique","Latitude_gps","_Expedition.wdc"
"Expedition","m_xLongitude_gps","un numérique","Longitude_gps","_Expedition.wdc"
"Expedition","m_sIdenntifiant_Site","une chaîne ANSI","Idenntifiant_Site","_Expedition.wdc"
"Expedition","m_dDate_Livraison_Estimee","une date","Date_Livraison_Estimee","_Expedition.wdc"
"Expedition","m_hHeure_Arrivee_Estimee","une heure","Heure_Arrivee_Estimee","_Expedition.wdc"
"Expedition","m_hHeure_Depart_Estimee","une heure","Heure_Depart_Estimee","_Expedition.wdc"
"Expedition","m_sNom_clients","une chaîne ANSI","Nom_clients","_Expedition.wdc"
"Expedition","m_nMontant","un monétaire","CA","_Expedition.wdc"
"Expedition","m_sCodeRegroup","une chaîne","CodeRegroup","_Expedition.wdc"
"Facture_Detail","m_nIDFacture_Detail","un entier sur 8 octets","IDFacture_Detail","_Facture_Detail.wdc"
"Facture_Detail","m_nIDFacture_Entete","un entier sur 8 octets","IDFacture_Entete","_Facture_Detail.wdc"
"Facture_Detail","m_nNumero_Ligne","un entier","Numero_Ligne","_Facture_Detail.wdc"
"Facture_Detail","m_sRubrique_Identifiant","une chaîne ANSI","Rubrique_Identifiant","_Facture_Detail.wdc"
"Facture_Detail","m_sRubrique_Renseignement","une chaîne","Rubrique_Renseignement","_Facture_Detail.wdc"
"Facture_Detail","m_nColis","un entier sans signe sur 4 octets","Colis","_Facture_Detail.wdc"
"Facture_Detail","m_moPoids","un monétaire","Poids","_Facture_Detail.wdc"
"Facture_Detail","m_moMontant","un monétaire","Montant","_Facture_Detail.wdc"
"Facture_Detail","m_sCode_produit","une chaîne ANSI","Code_produit","_Facture_Detail.wdc"
"Facture_Detail","m_bPoliceGras","un booléen","PoliceGras","_Facture_Detail.wdc"
"Facture_Detail","m_PU","un monétaire","PU","_Facture_Detail.wdc"
"Facture_Detail","m_sCodePresta","une chaîne","CodePresta","_Facture_Detail.wdc"
"Facture_Detail","m_rRemise","un réel sur 4 octets","Remise","_Facture_Detail.wdc"
"Facture_Detail","m_rTauxTVA","un réel sur 4 octets","TauxTVA","_Facture_Detail.wdc"
"Facture_Detail","m_moMontantRemise","un monétaire","MontantRemise","_Facture_Detail.wdc"
"Facture_Detail","m_moMontantTVA","un monétaire","MontantTVA","_Facture_Detail.wdc"
"Facture_Detail","m_moMontantTTC","un monétaire","MontantTTC","_Facture_Detail.wdc"
"Facture_Detail","m_rQTTAX","un réel sur 4 octets","QTTAX","_Facture_Detail.wdc"
"Facture_Detail","m_sTypeLigne","une chaîne","TypeLigne","_Facture_Detail.wdc"
"Facture_Entete","m_nIDFacture_Entete","un entier sur 8 octets","IDFacture_Entete","_Facture_Entete.wdc"
"Facture_Entete","m_sCle_unique_agence","une chaîne ANSI","cle_unique_agence","_Facture_Entete.wdc"
"Facture_Entete","m_bAvoir","un booléen","Avoir","_Facture_Entete.wdc"
"Facture_Entete","m_bAcompte","un booléen","Acompte","_Facture_Entete.wdc"
"Facture_Entete","m_sNumero_Facture","une chaîne ANSI","Numero_Facture","_Facture_Entete.wdc"
"Facture_Entete","m_dDate_facturation","une date","Date_facturation","_Facture_Entete.wdc"
"Facture_Entete","m_sCode_validation","une chaîne ANSI","Code_validation","_Facture_Entete.wdc"
"Facture_Entete","m_Logo_Agence","un buffer","Logo_Agence","_Facture_Entete.wdc"
"Facture_Entete","m_sNom_Agence","une chaîne ANSI","Nom_Agence","_Facture_Entete.wdc"
"Facture_Entete","m_sPavé_Agence","une chaîne","Pavé_Agence","_Facture_Entete.wdc"
"Facture_Entete","m_sNom_client","une chaîne ANSI","Nom_client","_Facture_Entete.wdc"
"Facture_Entete","m_sPavé_Client","une chaîne","Pavé_Client","_Facture_Entete.wdc"
"Facture_Entete","m_sLibelle_Regelement","une chaîne","Libelle_Regelement","_Facture_Entete.wdc"
"Facture_Entete","m_dDate_echeance","une date","Date_echeance","_Facture_Entete.wdc"
"Facture_Entete","m_sPavé_bas_de_Facture","une chaîne","Pavé_bas_de_Facture","_Facture_Entete.wdc"
"Facture_Entete","m_nTotal_Pos","un entier","Total_Pos","_Facture_Entete.wdc"
"Facture_Entete","m_rTotal_Poids","un réel sur 4 octets","Total_Poids","_Facture_Entete.wdc"
"Facture_Entete","m_moTotal_HT","un monétaire","Total_HT","_Facture_Entete.wdc"
"Facture_Entete","m_moTotal_Ttc","un monétaire","Total_Ttc","_Facture_Entete.wdc"
"Facture_Entete","m_nTotal_colis","un entier","Total_colis","_Facture_Entete.wdc"
"Facture_Entete","m_sCode_produit","une chaîne ANSI","Code_produit","_Facture_Entete.wdc"
"Facture_Entete","m_nIDentete_duplicata","un entier sur 8 octets","IDentete_duplicata","_Facture_Entete.wdc"
"Facture_Entete","m_sLibelle_Produit","une chaîne ANSI","Libelle_Produit","_Facture_Entete.wdc"
"Facture_Entete","m_sCompte_facture","une chaîne ANSI","Compte_facture","_Facture_Entete.wdc"
"Facture_Entete","m_rRemise","un réel sur 4 octets","Remise","_Facture_Entete.wdc"
"Facture_Entete","m_moMontantRemise","un monétaire","MontantRemise","_Facture_Entete.wdc"
"Optimizer","m_nIDOptimizer","un entier sur 8 octets","IDOptimizer","_Optimizer.wdc"
"Optimizer","m_sLibelle","une chaîne ANSI","Libelle","_Optimizer.wdc"
"Pci","m_nIDPci","un entier sur 8 octets","IDPci","_Pci.wdc"
"Pci","m_sPci_expedition","une chaîne ANSI","Pci_expedition","_Pci.wdc"
"Pci","m_nColis","un entier sans signe sur 4 octets","Colis","_Pci.wdc"
"Pci","m_nIDExpedition","un entier sur 8 octets","IDExpedition","_Pci.wdc"
"Pci","m_sScanee_dechargement","une chaîne ANSI","Scanee_dechargement","_Pci.wdc"
"Pci","m_sRegul_dechargement","une chaîne ANSI","Regul_dechargement","_Pci.wdc"
"Pci","m_bTransmis_vers_site_central","un booléen","Transmis_vers_site_central","_Pci.wdc"
"Pci","m_sReference_unique_gls","une chaîne ANSI","Reference_unique_gls","_Pci.wdc"
"Pci","m_nColis_totaux","un entier","Colis_totaux","_Pci.wdc"
"Pci","m_bEtiquette_En_Duplicata","un booléen","Etiquette_En_Duplicata","_Pci.wdc"
"PreTournee_Detail","m_nIDPreTournee_Detail","un entier sur 8 octets","IDPreTournee_Detail","_PreTournee_Detail.wdc"
"PreTournee_Detail","m_nIDPreTournee_Entete","un entier sur 8 octets","IDPreTournee_Entete","_PreTournee_Detail.wdc"
"PreTournee_Entete","m_nIDPreTournee_Entete","un entier sur 8 octets","IDPreTournee_Entete","_PreTournee_Entete.wdc"
"PreTournee_Entete","m_dDate_creation","une date","Date_creation","_PreTournee_Entete.wdc"
"PreTournee_Entete","m_hHeure_Creation","une heure","Heure_Creation","_PreTournee_Entete.wdc"
"PreTournee_Entete","m_nIndiceDePretournee","un entier sans signe sur 1 octet","IndiceDePretournee","_PreTournee_Entete.wdc"
"Tournee","m_nIDTournee","un entier sur 8 octets","IDTournee","_Tournee.wdc"
"Tournee","m_sCode_tournée","une chaîne ANSI","code_tournée","_Tournee.wdc"
"Tournee","m_sCle_unique_agence","une chaîne ANSI","cle_unique_agence","_Tournee.wdc"
"Tournee","m_sLibelle","une chaîne ANSI","Libelle","_Tournee.wdc"
"Tournee","m_nIDClients","un entier sur 8 octets","IDClients","_Tournee.wdc"
"Tournee","m_moValorisation_journaliere_enlevement","un monétaire","Valorisation_journaliere_enlevement","_Tournee.wdc"
"Tournee","m_sCode_regroupement","une chaîne ANSI","Code_regroupement","_Tournee.wdc"
"Tva","m_nIDTva","un entier sur 8 octets","IDTva","_Tva.wdc"
"Tva","m_sCode_tva","une chaîne","code_tva","_Tva.wdc"
"Tva","m_moValeur_Tva","un monétaire","Valeur_Tva","_Tva.wdc"
"Tva","m_bTva_par_defaut","un booléen","Tva_par_defaut","_Tva.wdc"
"Tva","m_sNumero_de_compte","une chaîne","Numero_de_compte","_Tva.wdc"
"Tva","m_sLibelle_compte","une chaîne","libelle_compte","_Tva.wdc"
"UniteConditionnement","m_nIDUniteConditionnement","un entier sur 8 octets","IDUniteConditionnement","_UniteConditionnement.wdc"
"UniteConditionnement","m_sLibelle","une chaîne","Libelle","_UniteConditionnement.wdc"
"UniteConditionnement","m_bConsignée","un booléen","Consignée","_UniteConditionnement.wdc"
"Utilisateur","m_nIDUtilisateur","un entier sur 8 octets","IDUtilisateur","_Utilisateur.wdc"
"Utilisateur","m_sCle_unique_agence","une chaîne ANSI","cle_unique_agence","_Utilisateur.wdc"
"Utilisateur","m_sNom_utilisateur","une chaîne ANSI","Nom_utilisateur","_Utilisateur.wdc"
"Utilisateur","m_sPrenom_utilisateur","une chaîne ANSI","prenom_utilisateur","_Utilisateur.wdc"
"Utilisateur","m_sMot_de_passe","une chaîne ANSI","Mot_de_passe","_Utilisateur.wdc"
"Utilisateur","m_sCle_unique_utilisateur","une chaîne ANSI","Cle_unique_utilisateur","_Utilisateur.wdc"
"Utilisateur","m_sLogin","une chaîne ANSI","Login","_Utilisateur.wdc"
"Utilisateur","m_dDate_livre_de_caisse","une date","date_livre_de_caisse","_Utilisateur.wdc"
"Utilisateur","m_bPas_de_controle_sur_le_nb_connection","un booléen","Pas_de_controle_sur_le_nb_connection","_Utilisateur.wdc"
"Utilisateur","m_sCode_regroupement","une chaîne ANSI","Code_regroupement","_Utilisateur.wdc"
"Utilisateur","m_sEmail_contact","une chaîne","Email_contact","_Utilisateur.wdc"
"Utilisateur","m_sEmailFichierHtml","une chaîne","EmailFichierHtml","_Utilisateur.wdc"
"Utilisateur","m_sMotPasseMail","une chaîne","MotPasseMail","_Utilisateur.wdc"
"Utilisateur","m_sServeurSmtp","une chaîne","ServeurSmtp","_Utilisateur.wdc"
"Utilisateur","m_sPortServeur","une chaîne","PortServeur","_Utilisateur.wdc"
"Utilisateur","m_sTelephone","une chaîne","Telephone","_Utilisateur.wdc"
"Utilisateur","m_sSignatureMailHTML","une chaîne","SignatureMailHTML","_Utilisateur.wdc"
