"Table","FieldCount","PhysicalName","LogicalDatabase","Connection","KeyFields","FirstFields"
"Expedition","240","Expedition","Expedition","_127_0_0_1_Opentrans","IDExpedition, cle_unique_agence, Recepisse, Compte_payeur, Numero_Facture, Code_validation_facture, code_tva, Code_produit, Adherent_livreur, date_depart","IDExpedition, cle_unique_agence, Recepisse, Type_expedition, Port, Code_expediteur, Nom_expediteur, Adresse1_exp, Adresse2_exp, Adresse3_exp, Pays_exp, Code_postal_exp"
"arch_Expedition","171","arch_Expedition","Expedition1","_127_0_0_1_Opentrans","IDExpedition, cle_unique_agence, Recepisse, Numero_Facture, Adherent_livreur, date_depart, Cle_taxation, cle_facturation, Sold�e, Cle_consultation","IDExpedition, cle_unique_agence, Recepisse, Type_expedition, Port, Code_expediteur, Nom_expediteur, Adresse1_exp, Adresse2_exp, Adresse3_exp, Pays_exp, Code_postal_exp"
"Clients","150","Clients","Clients","_127_0_0_1_Opentrans","IDClients, cle_unique_agence, code_clients, Code_reglement, Agence_code, Siret, cle_traction, depot, Gie, cle_depot","IDClients, cle_unique_agence, code_clients, Nom_clients, adresse_1, adresse_2, adresse_3, Code_pays, Code_postal, Ville, Telephone, Num_fax"
"ExpedSupprimee","144","ExpedSupprimee","ExpedSupprimee","_127_0_0_1_Opentrans","IDExpedition, cle_unique_agence, Recepisse, Numero_Facture, Adherent_livreur, date_depart, Cle_taxation, cle_facturation, Sold�e, Cle_consultation","IDExpedition, cle_unique_agence, Recepisse, Type_expedition, Port, Code_expediteur, Nom_expediteur, Adresse1_exp, Adresse2_exp, Adresse3_exp, Pays_exp, Code_postal_exp"
"SasEdi","105","SasEdi","Expedition","_127_0_0_1_Opentrans","IDsasedi, Compte_payeurdate_bordereau_groupage, Compte_payeurbordereau_ramasse, Code_barre_recepisse","cle_unique_agence, Recepisse, Type_expedition, Port, Code_expediteur, Nom_expediteur, Adresse1_exp, Adresse2_exp, Adresse3_exp, Pays_exp, Code_postal_exp, ville_exp"
"Agence","101","Agence","Societe","_127_0_0_1_Opentrans","Idagence, Code_societe, code_adherent, cle_unique_agence, Code_agence, Identifiant_EDI, Siret, Societe_agence","Idagence, Nom, Adresse1, Adresse2, Adresse3, Code_Pays, Code_Postal, Ville, N_Tel, N_fax, E_mail, Code_societe"
"Historique","73","Historique","Historique","_127_0_0_1_Opentrans","IDHistorique, Code_situation, Code_Justification, Cle_bordereau, Cle_transmission, Cle_borderau_edite, Cle_envergure, Cle_prepa_bordereau, Existe_exped, cle_existe","IDHistorique, Type_pointage, code_adherent, Code_situation, Code_Justification, Date_evenement, Heure_evenement, Date_reception, Heure_reception, Date_emission, Heure_emission, Signataire"
"arch_Historique","66","arch_Historique","Historique1","_127_0_0_1_Opentrans","IDHistorique, Code_situation, Code_Justification, Cle_bordereau, Cle_transmission, Cle_borderau_edite, Cle_envergure, Cle_prepa_bordereau, Existe_exped, cle_existe","IDHistorique, Type_pointage, code_adherent, Code_situation, Code_Justification, Date_evenement, Heure_evenement, Date_reception, Heure_reception, Date_emission, Heure_emission, Signataire"
"Parametres","58","Parametres","Parametres","_127_0_0_1_Opentrans","IDParametres","IDParametres, Repertoire_emission, Repertoire_reception, Repertoire_Temporaire, Emplacement_Ftp, Interface_Plan_Transport, Imprimante_etiquettes, Procedure_vidage, Interface_de_vidage, Repertoire_reception_vidage, Nom_fichier_emission, Repertoire_emission_pistolet"
"Temp_liste_pos","50","Temp_liste_pos","Temp_liste_pos","","IDTemp_liste_pos, Compte_payeurdate_departRecepisse, Adherent_livreur, Adherent_livreurdate_departRecepisse","IDTemp_liste_pos, cle_unique_agence, Compte_payeur, Nom_expediteur, Nom_destinataire, Pays_des, Code_postal_des, Ville_des, Nb_pos, Colis, Poids, cremb"
"Enlevement","49","Enlevement","Expedition2","_127_0_0_1_Opentrans","IDEnlevement, cle_unique_agence, Date_enlevement, Adherent_livreur, Sold�e, IDExpedition, reference_edi","IDEnlevement, cle_unique_agence, Port, Code_expediteur, nom_Enlevement, Adresse1_enl, Adresse2_enl, Adresse3_enl, Pays_enl, Code_postal_enl, Ville_enl, Tel_enl"
"Produit","43","Produit","Produit","_127_0_0_1_Opentrans","IDProduit, code_produit, Libelle","IDProduit, code_produit, Libelle, Par_defaut, Produit_sur_etiquette, Interface_etiquette, edition_recepisse, edition_etiquette, Produit_edi, Service, Port_du, Valeur_declarees"
"SasMatieres","43","SasMatieres","Expedition_Matieres1","_127_0_0_1_Opentrans","IDExpedition_Matieres, IDEsasedi","IDExpedition_Matieres, IDEsasedi, description, Regime_reglementaire, Code_matiere, Code_classification, Numero_version_code_matieres, Numero_undg, Temperature_inflammation, Specifiant_unite_de_mesure, Temperature_inflammation_consignation, Groupe_emballage"
"Expedition_Matieres","43","Expedition_Matieres","Expedition_Matieres","_127_0_0_1_Opentrans","IDExpedition_Matieres, IDExpedition","IDExpedition_Matieres, IDExpedition, description, Regime_reglementaire, Code_matiere, Code_classification, Numero_version_code_matieres, Numero_undg, Temperature_inflammation, Specifiant_unite_de_mesure, Temperature_inflammation_consignation, Groupe_emballage"
"Code_evenement","39","Code_evenement","Code_evenement","_127_0_0_1_Opentrans","IDCode_evenement, Code_situation, Code_Justification, Cle_evenement, CleComp1, IDType_etat, VisibleAgence, VisibleClient, bArr, bLiv","IDCode_evenement, Code_situation, Code_Justification, Libelle_evenement, Taxation_sous_traitance, Cle_evenement, Sold�e, CleComp1, Mise_a_quai, Souffrance, Gele_en_statistique, Evenement_facturable"
"Reliqua","39","Reliqua","Historique","_127_0_0_1_Opentrans","IDHistorique, Pci, Code_situation, Code_Justification, Cle_bordereau, Cle_transmission, Cle_borderau_edite, Cle_envergure, Cle_prepa_bordereau, cle_existe","IDHistorique, Pci, Type_pointage, code_adherent, Code_situation, Code_Justification, Date_evenement, Heure_evenement, Date_reception, Heure_reception, Date_emission, Heure_emission"
"Entenlev","33","Entenlev","Entenlev","_127_0_0_1_Opentrans","IDEntenlev, Editer, Compte_payeur, cle_unique_agence, Expedier_vers_Ot, Compte_emetteur, Reference_exodis","IDEntenlev, Editer, Compte_payeur, cle_unique_agence, Expedier_vers_Ot, Compte_emetteur, Date_demande, Heure_demande, Reference_exodis, reference_dpd, reference_client, Demandeur"
"Facture_Entete","33","Facture_Entete","Facture_Entete","_127_0_0_1_Opentrans","IDFacture_Entete, cle_unique_agence, Numero_Facture, Code_validation, IDClients, IDentete_duplicata","IDFacture_Entete, cle_unique_agence, Avoir, Acompte, Compte_facture, Numero_Facture, Date_facturation, Code_validation, Logo_Agence, Nom_Agence, Pav�_Agence, Nom_client"
"Matiere_dangereuse","27","Matiere_dangereuse","Matiere_dangereuse","_127_0_0_1_Opentrans","IDMatiere_dangereuse","IDMatiere_dangereuse, Code_Onu, description, Classe1, Code_classification, Groupe_emballage, etiquettes, disposition_speciale, quantite_7a, quantite_7b, Instruction_emballage, disposition_speciales_emballage"
"Plantrs","25","Plantrs","Plantrs","_127_0_0_1_Opentrans","IDPlantrs, cle_unique_agence, code_produit, Code_Pays, Code_postal_debut, Code_Postal_fin, Code_adherent, Cle_complete, Date_application, Cle_debut","IDPlantrs, cle_unique_agence, code_produit, Code_Pays, Code_postal_debut, Code_Postal_fin, Code_adherent, Cle_complete, Date_application, Cle_debut, Cle_pays, Cle_produit_date"
"Localite","24","Localite","Localite","_127_0_0_1_Opentrans","IDLocalite, Code_Pays, Ville, Code_postal, Code_insee, Code_PaysCode_postalVille, Identifiant, Code_PaysIdentifiant, Code_PaysVille, Code_PaysCode_postal","IDLocalite, Code_Pays, Ville, Code_postal, Code_insee, Code_PaysCode_postalVille, Identifiant, Code_PaysIdentifiant, Code_PaysVille, Code_PaysCode_postal, Indice_regroupement, langage"
"Chauffeur","22","Chauffeur","Chauffeur","_127_0_0_1_Opentrans","IDChauffeur, cle_unique_agence, Agence_code, Agence_nom, Agence_code_nom, Login, cle_unique_agenceLogin, cle_unique_agenceLoginMotDePasse, IDPOSITION_CHAUFFEUR, Tourn�e_EnCours","IDChauffeur, cle_unique_agence, Code_chauffeur, Nom, Prenom_chauffeur, Agence_code, Agence_nom, Agence_code_nom, Categorie, Code_tiers, Num_Telephone, Longitude"
"ParamUser","22","ParamUser","ParamUser","_127_0_0_1_Opentrans","IdParamUser, IDUtilisateur","IdParamUser, IDUtilisateur, Repertoire_des_emarges, Imprimante_Thermique, repertoire_temporaire_emarges, Repertoire_internet, Imprimante_etiquettes, Repertoire_depot_pour_Convergence, repertoire_emission_edi, repertoire_emarges_pour_transfert_internet, repertoire_Temporaire_internet, repertoire_pour_reception_internet"
"Facture_Detail","21","Facture_Detail","Facture_Detail","_127_0_0_1_Opentrans","IDFacture_Detail, IDFacture_Entete","IDFacture_Detail, IDFacture_Entete, Numero_Ligne, Rubrique_Identifiant, Rubrique_Renseignement, Colis, Poids, Montant, PoliceGras, Code_produit, PU, DateReglementFacture"
"StatGenerales","21","StatGenerales","StatGenerales","_127_0_0_1_Opentrans","IDStatGenerales, code_produit, cle_unique_agence, AA, MM, Compte_payeur, cle_unique_agenceAAMMCompte_payeurCode_PaysDept_des","IDStatGenerales, code_produit, cle_unique_agence, AA, MM, Code_Pays, Dept_des, Compte_payeur, Colis, Poids, Taxe_additionnelle, Taxe_Valeur_declaree"
"Temp_sst","21","Temp_sst","Temp_sst","_127_0_0_1_Opentrans","IDTemp_sst, IDClients","IDTemp_sst, IDClients, AA, MM, dept, Code_Pays, Nb_pos, Nb_colis, Poids, Montant, Traction_plateforme, Paq_plateforme"
"Prospection","21","prospection","Prospection","_127_0_0_1_Opentrans","IDProspection, RaisonSocial, CodePostal, Ville, DateDernierAppel, DateProchaineAppel, Action, NePlusRelancer, DevenuClient, DateCreation","IDProspection, RaisonSocial, Adresse, CodePostal, Ville, Pays, Telephone, Contact, Email_contact, DescriptionActivite, Commentaire, DateDernierAppel"
"Tarifcli","20","Tarifcli","Tarifcli","_127_0_0_1_Opentrans","IDTarifcli, cle_unique_agence, code_produit, Agence_produit_client_type_date, Agence_clients_type_date","IDTarifcli, cle_unique_agence, code_produit, date_application, code_clients, type_tarif, Code_tarif, code_timbre_port_paye, code_timbre_valeur_declaree, Majo_mino, Valeur_majo_mino, Agence_produit_client_type_date"
"Entmail","20","Entmail","Entmail","Connexion1","IDEntmail, Nom_connexionUtilisateurAd_expediteurAd_destinataire, Email_envoye, date_emission, Idclient","IDEntmail, Nom_connexion, Utilisateur, Mot_de_passe, Pop3, Smtp, Ad_expediteur, Ad_destinataire, Nom_connexionUtilisateurAd_expediteurAd_destinataire, Sujet_mail, Texte_mail, Ad_destinataire_x"
"Temp_stat_tournee","19","Temp_stat_tournee","Temp_stat_tournee","","IDTemp_stat_tournee, code_tourn�e, code_tourn�edate, OptimCleComp_DATE_code_","IDTemp_stat_tournee, code_tourn�e, date, Nb_pos_livr�, Nb_colis_livre, Poids_livre, Montant_livre, taxe_livre, Seconde_presentation_livre, Nb_pos_ramasse, Nb_clois_ramasse, Poids_Ramasse"
"ParamPoste","19","ParamPoste","ParamPoste","","IDParamPoste","IDParamPoste, Repertoire_des_emarges, Imprimante_Thermique, repertoire_temporaire_emarges, Repertoire_internet, Imprimante_etiquettes, Repertoire_depot_pour_Convergence, repertoire_emission_edi, repertoire_emarges_pour_transfert_internet, repertoire_Temporaire_internet, repertoire_pour_reception_internet, repertoire_pour_transfert_internet"
"Tournee_Numerique_Expedition","19","Tournee_Numerique_Expedition","Tournee_Numerique_Expedition","_127_0_0_1_Opentrans","IDExpedition, IDTemp_tournee, IDTemp_tournee_IDExpedition","IDExpedition, IDTemp_tournee, IDTemp_tournee_IDExpedition, Livraison, Enlevement, Latitude, Longitude, HeureArrivePrevu, HeureArriveReel, HeureDepartPrevu, HeureDepartReel, HeureArriveCalcul"
"Connexion","18","Connexion","Connexion","_127_0_0_1_Opentrans","IDConnexion, date_application, Cle_transfert, Type_date","IDConnexion, Nom_acces_reseau_a_distance, Adresse_Ftp, Numero_port, delai_Connexion, Login, Password, Anonyme, Avance, Type_transfert, date_application, Cle_transfert"
"Utilisateur","18","Utilisateur","Utilisateur","_127_0_0_1_Opentrans","IDUtilisateur, cle_unique_agence, Nom_utilisateur, prenom_utilisateur, Cle_unique_utilisateur, CleComp","IDUtilisateur, cle_unique_agence, Nom_utilisateur, prenom_utilisateur, Mot_de_passe, Cle_unique_utilisateur, Login, CleComp, date_livre_de_caisse, Pas_de_controle_sur_le_nb_connection, Code_regroupement, Email_contact"
"StatCli","18","StatCli","StatCli","_127_0_0_1_Opentrans","Idstatcli, Numdisque, AAMM, OptimCleComp_Numdi_AAMM","Idstatcli, Numdisque, Ca_periode, Nb_pos_periode, Nb_colis_periode, Poids_periode, Sst_periode, Nb_Avis_souffrance_periode, Ca_periode_1, Nb_pos_periode_1, Nb_colis_periode_1, Poids_periode_1"
"Fax","17","Fax","Fax","_127_0_0_1_Opentrans","IDFax, date_envoi, IDHistorique, Reference, fax_Re�u, fax_ano","IDFax, Type, date_envoi, Heure_envoi, Num_fax, Nom_agence_emetrice, date_accuse, Heure_accuse, document_joint, accuse_simple, accuse_complet, IDHistorique"
"Affretes","17","Affretes","Affretes","_127_0_0_1_Opentrans","IDAffretes, Idagence, NomCode_PaysCode_PostalVille","IDAffretes, Nom, Adresse1, Adresse2, Adresse3, Code_Pays, Code_Postal, Ville, Telephone, Fax, Email_contact, Identifiant_TVA"
"Societe","17","Societe","Societe","_127_0_0_1_Opentrans","IDSociete, Nom, Code_societe","IDSociete, Nom, Adresse1, Adresse2, Adresse3, Code_Pays, Code_Postal, Ville, N_Tel, N_fax, E_mail, Code_societe"
"Tbmail","16","Tbmail","Tbmail","_127_0_0_1_Opentrans","IDTbmail","IDTbmail, destinataire, fichier_joint, Lib_sujet, Date_emission, Heure_emission, code_erreur, libelle_erreur, Sujet_mail, Texte_mail, Utilisateur, Mot_de_passe"
"Facture_temp","16","Facture_temp","Facture_temp","_127_0_0_1_Opentrans","IDFacture_temp, cle_unique_agence, Cle_facturation_client, cle_facturation_arrivage, IDExpedition, IDHistorique","IDFacture_temp, cle_unique_agence, Compte_payeur, Code_produit, Code_validation_facture, date_depart, Recepisse, Numero_bdx_groupage, Cle_facturation_client, cle_facturation_arrivage, IDExpedition, seconde_presentation"
"Histo_pci","15","Histo_pci","Histo_pci","_127_0_0_1_Opentrans","IDHisto_pci, IDExpedition, Pci_expedition, transmis, Code_plateforme, OptimCleComp_Pci_e_IDExp_Heure_DATE_Code__Code_, OptimCleComp_trans_Code_","IDHisto_pci, IDExpedition, Pci_expedition, Code_situation, Code_justification, date, Heure, Contenant, transmis, Code_plateforme, Traction, Palette_consignee"
"statcli_gen","15","statcli_gen","statcli_gen","_127_0_0_1_Opentrans","IDstatcli_gen, idclient, AA, OptimCleComp_MM_AA, OptimCleComp_MM_idcli_Code__AA, idclientAAMM","IDstatcli_gen, idclient, AA, MM, Nb_pos, Nb_colis, Poids, Ca_periode, sst, Nb_Avis_souffrance_periode, OptimCleComp_MM_AA, Code_produit"
"FacMensuelle","15","FacMensuelle","Facdic1","_127_0_0_1_Opentrans","IDFacmensuelle, cle_unique_agence, Code_validation, OptimCleComp_1, cle_unique_agenceCode_validation, cle_unique_agenceCompte_payeurPeriode_AA_MM, IDFacture_Entete","IDFacmensuelle, cle_unique_agence, date_facture, Compte_payeur, Libelle, Code_validation, Numero_facture, code_tva, Montant, code_produit, OptimCleComp_1, cle_unique_agenceCode_validation"
"Destinataire","15","Destinataire","Destinataire","_127_0_0_1_Opentrans","IDDestinataire, IDClients, cle_unique_agence, cle_unique_agenceIDClientsNom_destinataire, cle_unique_agenceIDClientsIDDestinataire","IDDestinataire, IDClients, Nom_destinataire, adresse_1, adresse_2, adresse_3, Pays_des, Code_postal_des, tel_des, cle_unique_agence, cle_unique_agenceIDClientsNom_destinataire, Ville_des"
"Tournee_Numerique","15","Tournee_Numerique","Temp_tournee1","_127_0_0_1_Opentrans","IDTournee_Numerique, code_tourn�e, date_tournee, IDChauffeur, CodeVehicule, code_tourn�edate_tournee, IDAppareil_Mobile","IDTournee_Numerique, code_tourn�e, date_tournee, IDChauffeur, ModeScannageChargement, CodeVehicule, HeureDepartPrevu, HeureDepartReel, code_tourn�edate_tournee, IDAppareil_Mobile, Indice_Tour, KmDepart"
"Avoir","14","Avoir","Avoir","_127_0_0_1_Opentrans","IDAvoir, cle_unique_agence, Code_validation, OptimCleComp_1, cle_unique_agenceCode_validation, IDFacture_Entete, Mise_a_jour_stat","IDAvoir, cle_unique_agence, Date_avoir, Compte_payeur, Libelle, Code_validation, Numero_facture, code_tva, Montant, code_produit, OptimCleComp_1, cle_unique_agenceCode_validation"
"FacDiv","14","FacDiv","Facdic","_127_0_0_1_Opentrans","IDFac, cle_unique_agence, Code_validation, OptimCleComp_1, cle_unique_agenceCode_validation, IDFacture_Entete, Mise_a_jour_stat","IDFac, cle_unique_agence, date_facture, Compte_payeur, Libelle, Code_validation, Numero_facture, code_tva, Montant, code_produit, OptimCleComp_1, cle_unique_agenceCode_validation"
"Timbre","14","Timbre","Timbre","_127_0_0_1_Opentrans","IDTimbre, cle_unique_agence, Agence_code_date, Agence_type, Agence_code_type, Agence_code_type_date, cle_unique_agenceType_timbrecode_timbreDate_application","IDTimbre, cle_unique_agence, code_timbre, Type_timbre, Forfait, Tranche_montant, Montant_additionel, Date_application, Agence_code_date, Agence_type, Agence_code_type, Agence_code_type_date"
"arch_Histo_pci","14","arch_Histo_pci","Histo_pci1","_127_0_0_1_Opentrans","IDHisto_pci, IDExpedition, Pci_expedition, transmis, Code_plateforme, OptimCleComp_Pci_e_IDExp_Heure_DATE_Code__Code_","IDHisto_pci, IDExpedition, Pci_expedition, Code_situation, Code_justification, date, Heure, Contenant, transmis, Code_plateforme, Traction, Palette_consignee"
"Decoupage","14","Decoupage","Decoupage","_127_0_0_1_Opentrans","IDDecoupage, cle_unique_agence, Nom_decoupage, Code_Pays, Departement, Code_Postal, Reference, Agence_nom, Cle_totale, Decoupage_cle_unique","IDDecoupage, cle_unique_agence, Nom_decoupage, Code_Pays, Departement, Code_Postal, Reference, Agence_nom, Cle_totale, Decoupage_cle_unique, Cle_decoupage, cle_unique_agenceNom_decoupageCode_PaysDepartementCode_Postal"
"Entstatliv","14","Entstatliv","Entstatliv","","IDEntstatliv, code_clientscode_produitdate_bordereau_groupageCode_Pays","IDEntstatliv, date_bordereau_groupage, code_clients, Date_liv_theorique, Nb_pos, Nb_pos_liv_delai, code_produit, Code_Pays, code_clientscode_produitdate_bordereau_groupageCode_Pays, nb_pos_net, nb_pos_gele, nb_pos_non_renseignee"
"Tarif","14","Tarif","Tarif","_127_0_0_1_Opentrans","IDTarif, cle_unique_agence, Agence_code_date, Tarif_cle_unique, Agence_code, Nom_decoupage, cle_unique_agencecode_borne, cle_unique_agenceCode_tarifdate_applicationNom_decoupage","IDTarif, cle_unique_agence, Code_tarif, date_application, type_tarif, Prix, taxe_annexe, Agence_code_date, Tarif_cle_unique, Agence_code, Nom_decoupage, code_borne"
"Facture_regroup","13","Facture_regroup","Facture_regroup","_127_0_0_1_Opentrans","IDFacture_regroup, cle_unique_agence, Numero_Facture, IDClients_expedition, OptimCleComp_IDCli_Compt_cle_u, OptimCleComp_Compt_cle_u","IDFacture_regroup, Compte_Facturation, Nb_pos, Nb_colis, Poids_total, Montant_total, cle_unique_agence, Numero_Facture, Date_facturation, IDClients_expedition, OptimCleComp_IDCli_Compt_cle_u, OptimCleComp_Compt_cle_u"
"Pci","13","Pci","Pci","_127_0_0_1_Opentrans","IDPci, Pci_expedition, IDExpedition, Regul_dechargement, IDExpeditionColis, Transmis_vers_site_central","IDPci, Pci_expedition, Colis, IDExpedition, Scanee_dechargement, Regul_dechargement, IDExpeditionColis, Transmis_vers_site_central, Reference_unique_gls, Colis_totaux, Etiquette_En_Duplicata, Scanner"
"Temp_stat_plateforme","13","Temp_stat_plateforme","Temp_stat_plateforme","_127_0_0_1_Opentrans","IDTemp_stat_plateforme, Numdisque, Code_plateforme","IDTemp_stat_plateforme, Numdisque, Code_plateforme, date, Nb_pos_arr, Nb_pos_depart, Poids_arr, Poids_depart, C_A_traction_arr, Sst_traction_dep, Num_compte, Valorisation_cout_traction_Arr"
"Plateforme","12","Plateforme","Plateforme","_127_0_0_1_Opentrans","Idplateforme, Code_plateforme","Idplateforme, Code_plateforme, Libelle, IDClients, Cout_Journalier, Cout_a_la_tonne, type_fichier_colisage, Code_produit, Prix, Forfait, Tonne, Qte_taxable"
"Reception","12","Reception","Reception","_127_0_0_1_Opentrans","IDReception, IDOptimizer","IDReception, Repertoire_reception, Nom_fichier_reception, Interface_de_reception, Commentaire, Repertoire_emission, Interface_emission, Repertoire_archivage, Type_de_fichier, Repertoire_faxdata, Optimiseur, IDOptimizer"
"Detas","12","Detas","Detas","_127_0_0_1_Opentrans","IDDetas, IDEntas, transmis","IDDetas, IDEntas, Date_as, Situation, Justification, Commentaire, transmis, type_transmission, date_ar, heure_ar, Date_lecture, Heure_lecture"
"Entas","12","Entas","Entas","_127_0_0_1_Opentrans","IDEntas, Sold�e, Numero_as, Status","IDEntas, AA, MM, Numero_posititon, reference_edi, Sold�e, Siret_emetteur, Code_Visapack, Quantieme, Chrono, Numero_as, Status"
"StatCa","12","StatCa","StatCa","_127_0_0_1_Opentrans","IDStatCa, cle_unique_agencecode_clientscode_produitAAMM, cle_unique_agencecode_clientsAAMM","IDStatCa, cle_unique_agence, code_clients, code_produit, AA, MM, Colis, Poids, Nb_pos, Chiffre_d_affaire, cle_unique_agencecode_clientscode_produitAAMM, cle_unique_agencecode_clientsAAMM"
"Hisenl","11","Hisenl","Hisenl","_127_0_0_1_Opentrans","IDHisenl, IDEntenlev, Transmis, TransmisIDEntenlev","IDHisenl, IDEntenlev, Code_situation, Code_justification, Commentaire, Date_evenement, Transmis, TransmisIDEntenlev, pci, Heure_evenement, Routage"
"POSITION_CHAUFFEUR","11","POSITION_CHAUFFEUR","POSITION_CHAUFFEUR","_127_0_0_1_Opentrans","IDPOSITION_CHAUFFEUR, IDChauffeur","IDPOSITION_CHAUFFEUR, IDChauffeur, code_tourn�e, date_tournee, Latitude, Longitude, Altitude, Vitesse, EnPause, DateHeurePosition, DateHeureReception"
"SasEmballage","11","SasEmballage","Expedition_Emballage2","_127_0_0_1_Opentrans","IDEsasedi_emballage, IDsasedi, IDClient_TypeEmballage","IDEsasedi_emballage, IDsasedi, Code_emballage, Libelle, Nombre_unite, Poids, volume, Type_de_marquage, IDEntifiant_equipement, IDEntifiant_regroupement, IDClient_TypeEmballage"
"Pays","11","Pays","Pays","_127_0_0_1_Opentrans","IDPays, Code_Pays, Libelle","IDPays, Code_Pays, Libelle, Control_localite, Pays_par_defaut, Taille_departement, Taille_Num_tel, Indicatif_Telephonique, Code_Gls, Extraction_Dept_gls, Code_Iso"
"ListeFacturation","11","ListeFacturation","EntCompta1","_127_0_0_1_Opentrans","IDListefacturation, Num_compte_client, date_facture, cle_unique_agence","IDListefacturation, Numero_facture, Num_compte_client, Nom_client, f_a, date_facture, Date_echeance, Montant_facture, cle_unique_agence, montant_tva, Montant_HT"
"BornePoids","11","BornePoids","BornePoids","_127_0_0_1_Opentrans","IDBornePoids, cle_unique_agence, code_borne, borne_cle_unique, cle_unique_agencecode_borne","IDBornePoids, cle_unique_agence, code_borne, Borne_de_poids, Type, SANSARRONDI, ARRONDI10, ARRONDI100, PRIX_AU, borne_cle_unique, cle_unique_agencecode_borne"
"internet","11","internet","internet","_127_0_0_1_Opentrans","I1CLEUNIK","I1CLEUNIK, Utilisateur, Mot_de_passe, Nom_connexion, Imprimante, Smtp, Pop3, email_exp, Caractere_d_encadrement, Email_editrack, Port"
"Contact","11","Contact","Contact","_127_0_0_1_Opentrans","Idcontact, cle_unique_agencecode_clients","Idcontact, cle_unique_agence, code_clients, Nom, Prenom, Num_fax, Num_tel, Gsm, Type_contact, cle_unique_agencecode_clients, Email_contact"
"Tournee","11","Tournee","Tournee","_127_0_0_1_Opentrans","IDTournee, cle_unique_agence, Libelle, Agence_tournee, Agence_chauffeur, Code_regroupement, cle_unique_agenceCode_regroupement","IDTournee, code_tourn�e, cle_unique_agence, Libelle, Code_chauffeur, Agence_tournee, Agence_chauffeur, IDClients, Valorisation_journaliere_enlevement, Code_regroupement, cle_unique_agenceCode_regroupement"
"temp_regroup_sasedi","11","temp_regroup_sasedi","temp_regroup_sasedi","_127_0_0_1_Opentrans","IDtemp_regroup_sasedi, IDsasedi, Recepisse, OptimCleComp_Ville_Recep_Numdi_Nom_d_Code__Ad2_Ad1","IDtemp_regroup_sasedi, IDsasedi, Recepisse, Nom_destinataire, Ad1, Ad2, Code_postal, Ville, Qte_taxable, Numdisque, OptimCleComp_Ville_Recep_Numdi_Nom_d_Code__Ad2_Ad1"
"EntCompta","11","EntCompta","EntCompta","_127_0_0_1_Opentrans","IDEntCompta, Numero_de_serie","IDEntCompta, Numero_de_serie, Numero_facture, Num_compte_client, Nom_client, f_a, date_facture, Date_echeance, Montant_facture, IDClients, IDFacture_Entete"
"Expedition_Emballage","11","Expedition_Emballage","Expedition_Emballage","_127_0_0_1_Opentrans","IDExpedition_Emballage, IDExpedition, IDClient_TypeEmballage","IDExpedition_Emballage, IDExpedition, Code_emballage, Libelle, Nombre_unite, Poids, volume, Type_de_marquage, IDEntifiant_equipement, IDEntifiant_regroupement, IDClient_TypeEmballage"
"Expediteurs","11","Expediteurs","Expediteurs","_127_0_0_1_Opentrans","IDExpediteurs, IDClients, IDClientsNomAdresse1Code_postalVille","IDExpediteurs, Nom, Adresse1, Adresse2, Adresse3, Code_Pays, Code_postal, Ville, Telephone, IDClients, IDClientsNomAdresse1Code_postalVille"
"UserCaisse","10","UserCaisse","UserCaisse","_127_0_0_1_Opentrans","IDUserCaisse, IDUtilisateur, date_livre_de_caisse, IDUtilisateurdate_livre_de_caisse, cloture_caisse, IDUtilisateurcloture_caisse, IDUtilisateurdate_livre_de_caisseheure_caisseremise_en_banque","IDUserCaisse, IDUtilisateur, date_livre_de_caisse, Montant_caisse, IDUtilisateurdate_livre_de_caisse, heure_caisse, remise_en_banque, cloture_caisse, IDUtilisateurcloture_caisse, IDUtilisateurdate_livre_de_caisseheure_caisseremise_en_banque"
"Stat_temp","10","Stat_temp","Stattemp","","IDStat_temp, cle_unique_agence","IDStat_temp, cle_unique_agence, code_clients, code_produit, Colis, Poids, Nb_pos, Chiffre_d_affaire, Taxes_Fixe, Avoir"
"Listefac","10","Listefac","Listefac","_127_0_0_1_Opentrans","IDListefac, cle_unique_agence, cle_liste","IDListefac, cle_unique_agence, Compte_payeur, Date_facturation, Date_echeance, Numero_Facture, code_tva, Hors_taxe, cle_liste, Editer"
"Incoterm","10","Incoterm","Incoterm","_127_0_0_1_Opentrans","IDIncoterm, code_incoterm","IDIncoterm, code_incoterm, Libelle_incoterm, Taxation_vd, Taxation_traction, Document_a_fournir, Taxe_additionnelle, facturation_destinataire, Taxation_traction_enlevement, Taxe_additionnelle_enlevement"
"temp_statcli_gen","10","temp_statcli_gen","statcli_gen1","_127_0_0_1_Opentrans","IDtemp_statcli_gen, idclient, AAMM, Numdisque","IDtemp_statcli_gen, idclient, Nb_pos, Nb_colis, Poids, Ca_periode, sst, Nb_Avis_souffrance_periode, AAMM, Numdisque"
"Factor","10","Factor","Factor","_127_0_0_1_Opentrans","IDFactor, cle_unique_agence","IDFactor, cle_unique_agence, Nom, Ad1, Ad2, Code_Pays, Code_Postal, Ville, Num_tel, Commentaire"
"arch_Pci","10","arch_Pci","Pci1","_127_0_0_1_Opentrans","IDPci, Pci_expedition, IDExpedition, Regul_dechargement, IDExpeditionColis, Transmis_vers_site_central","IDPci, Pci_expedition, Colis, IDExpedition, Scanee_dechargement, Regul_dechargement, IDExpeditionColis, Transmis_vers_site_central, Reference_unique_gls, Colis_totaux"
"Remise","9","Remise","Remise","_127_0_0_1_Opentrans","IDRemise, cle_unique_agence, cle_unique_agenceCode_liste","IDRemise, cle_unique_agence, Code_liste, cle_unique_agenceCode_liste, Libelle, Interface_d_exportation, Repertoire_d_emission, Nom_fichier_emission, repertoire_temporaire"
"EdiCli","9","EdiCli","EdiCli","_127_0_0_1_Opentrans","IDEdiCli, IDClients, Numero_de_serie","IDEdiCli, IDClients, Code_produit, Sel_qte_taxable, Numero_de_serie, Regime_En_Reception, Compte_de_facturation, Code_produit_emetteur, Compte_de_facturation_emis"
"Banque","9","Banque","Banque","_127_0_0_1_Opentrans","IDBanque, Type_factu, Code_validation, Type_factuCode_validation","IDBanque, Type_factu, Code_validation, Compte_payeur, Date_facturation, Date_prelevement, Num_facture, Montant, Type_factuCode_validation"
"Detstatliv","9","Detstatliv","Detstatliv","","IDDetstatliv, IDEntstatliv, IDEntstatlivDate_pointageCode_situationCode_Justification, IDEntstatlivDate_pointagePrioriteCode_situationCode_Justification","IDDetstatliv, IDEntstatliv, Date_pointage, Priorite, Code_situation, Code_Justification, Nb_pos, IDEntstatlivDate_pointageCode_situationCode_Justification, IDEntstatlivDate_pointagePrioriteCode_situationCode_Justification"
"Appareil_Mobile","9","Appareil_Mobile","Appareil_Mobile","_127_0_0_1_Opentrans","IDAppareil_Mobile, Adresse_Mac, IMEI, TypeAutorisation","IDAppareil_Mobile, Adresse_Mac, IMEI, Marque, Mod�le, NumeroTelAssoci�, VersionOS, VersionApplication, TypeAutorisation"
"Defcod","8","Defcod","Defcod","_127_0_0_1_Opentrans","IDDefcod","IDDefcod, Libelle, longueur_code_barre, Identification_debut_code_barre, Identification_fin_code_barre, Valeur_identification_code_barre, Identification_debut_compte_client, Identification_fin_compte_client"
"RemiseCli","8","RemiseCli","EdiCli1","_127_0_0_1_Opentrans","IDRemisecli, IDClients, Numero_de_serie","IDRemisecli, IDClients, Code_produit, Numero_de_serie, Tranche_mini, Tranche_maxi, Taux, Autorise_facture_diverse"
"prospection_Action","8","prospection_action","prospection_Action","_127_0_0_1_Opentrans","IDprospection_Action, DateProchaineAppel, NePlusRelancer, DevenuClient, IDProspection","IDprospection_Action, CreerPar, DateCreation, Commentaire, DateProchaineAppel, NePlusRelancer, DevenuClient, IDProspection"
"Client_TypeEmballage","8","Client_TypeEmballage","Client_TypeEmballage","_127_0_0_1_Opentrans","IDClient_TypeEmballage, IDClients, IDType_Consigne, IDClientsCode_emballage, OptimCleComp_IDCli_IDCli","IDClient_TypeEmballage, IDClients, Code_emballage, Libelle, Consigne, IDType_Consigne, IDClientsCode_emballage, OptimCleComp_IDCli_IDCli"
"betisoc","8","betisoc","betisoc","_127_0_0_1_Opentrans","IDLocalite, Bon_Code_pays","IDLocalite, Bon_Code_pays, Bon_Code_postal, Bonne_Ville, Departement, Pays_errone, code_postal_errone, ville_errone"
"Pres_fac","8","Pres_fac","Pres_fac","_127_0_0_1_Opentrans","IDPres_fac, cle_unique_agence, Libelle","IDPres_fac, cle_unique_agence, Type_prestation, Montant, Libelle_de_facturation, Libelle, Numero_compte, libelle_compte"
"FacDivdet","8","FacDivdet","FacDivdet","_127_0_0_1_Opentrans","IDFacDivdet, IDFac","IDFacDivdet, IDFac, Montant, code_tva, code_produit, Libelle, QTTAX, PU"
"SousTraitance","8","SousTraitance","SousTraitance","_127_0_0_1_Opentrans","IDSousTraitance, IDExpedition, IDExpeditionType_taxation","IDSousTraitance, IDExpedition, Type_taxation, Montant, Taxe_cremb, Taxe_vd, Timbre, IDExpeditionType_taxation"
"Temp_tournee","8","Temp_tournee","Temp_tournee","_127_0_0_1_Opentrans","IDTemp_tournee, code_tourn�ePageIndice, IDChauffeur","IDTemp_tournee, code_tourn�e, date_tournee, Indice, IDExpedition, Page, code_tourn�ePageIndice, IDChauffeur"
"arch_InfoPos","8","arch_InfoPos","InfoPos1","_127_0_0_1_Opentrans","IDInfoPos, IDExpedition","IDInfoPos, IDExpedition, Justifier, Appel_de, Lib_question, Lib_reponse, Date_appel, heure_appel"
"InfoPos","8","InfoPos","InfoPos","_127_0_0_1_Opentrans","IDInfoPos, IDExpedition","IDInfoPos, IDExpedition, Justifier, Appel_de, Lib_question, Lib_reponse, Date_appel, heure_appel"
"Duplicata_facture","8","Duplicata_facture","Duplicata_facture","_127_0_0_1_Opentrans","Idduplicata_facture, IDentete_duplicata, IDFacture_Entete","Idduplicata_facture, IDentete_duplicata, doc_facture, doc_releve, doc_liste, doc_traite, Code_produit, IDFacture_Entete"
"Emarges","8","Emarges","Emarges","_127_0_0_1_Opentrans","idemarge, IDExpedition, UUID_Image","idemarge, IDExpedition, nom_emarge, AAMM_Image, Memo_image, date_scannage, Heure_scannage, UUID_Image"
"arch_emages","7","arch_emages","Emarges1","_127_0_0_1_Opentrans","idemarge, IDExpedition","idemarge, IDExpedition, nom_emarge, AAMM_Image, Memo_image, date_scannage, Heure_scannage"
"Nature","7","Nature","Nature","_127_0_0_1_Opentrans","IDNature, IDExpedition","IDNature, IDExpedition, Nature_machandise, Numero_nature, Designation_nature, Quantite_nature, Poids_nayure"
"GestionNumfac","7","GestionNumfac","GestionNumfac","_127_0_0_1_Opentrans","IDGestionNumfac, OptimCleComp_1","IDGestionNumfac, AA, MM, Numfac, Numfac_sauv, cle_unique_agence, OptimCleComp_1"
"Det_journal_consigne","7","Det_journal_consigne","Det_journal_consigne","_127_0_0_1_Opentrans","IDDet_journal_consigne, IDJournal_consigne, IDExpedition, Date_mvt, OptimCleComp_1","IDDet_journal_consigne, IDJournal_consigne, IDExpedition, Quantite_expediee, Quantite_rendue, Date_mvt, OptimCleComp_1"
"Receserie","7","Receserie","Receserie","_127_0_0_1_Opentrans","IDReceserie","IDReceserie, Paralleleserie, Pcom, Pparite, Pbaud, Pbstop, Ptaillecar"
"Reglement","7","Reglement","Reglement","_127_0_0_1_Opentrans","IDReglement, Code_reglement, Libelle","IDReglement, Code_reglement, Libelle, Echeance, Nombre_de_Jour, Jour_tombee, Edition_traite"
"PreTournee_Entete","7","PreTournee_Entete","PreTournee_Entete","_127_0_0_1_Opentrans","IDPreTournee_Entete, IDTournee, IDutilisateur_Creation, IDChauffeur","IDPreTournee_Entete, IDTournee, IDutilisateur_Creation, IDChauffeur, Date_creation, Heure_Creation, IndiceDePretournee"
"Clicodbarre","6","Clicodbarre","Clicodbarre","_127_0_0_1_Opentrans","IDClicodbarre, IDDefcod, cle_unique_agenceCompte_payeur1","IDClicodbarre, IDDefcod, cle_unique_agence, Compte_payeur, Valeur_code_barre, cle_unique_agenceCompte_payeur1"
"Repas","6","Repas","Repas","_127_0_0_1_Opentrans","IDRepas, iddetas, Traite_as","IDRepas, iddetas, Date_inst, Situation, Justification, Traite_as"
"Affectation","6","Affectation","Affectation","_127_0_0_1_Opentrans","IDAffectation, cle_unique_agence, depot, Code_traction, cle_unique_agencedepot, cle_unique_agenceCode_tractiondepot","IDAffectation, cle_unique_agence, depot, Code_traction, cle_unique_agencedepot, cle_unique_agenceCode_tractiondepot"
"Prestation_pos","6","Prestation_pos","Prestation_pos","_127_0_0_1_Opentrans","IDPrestation_pos, IDExpedition, IDExpeditionCode_Prestation","IDPrestation_pos, Code_Prestation, IDExpedition, Prix_unitaire_prestation, Quantit�, IDExpeditionCode_Prestation"
"Journal_consigne","6","Journal_consigne","Journal_consigne","_127_0_0_1_Opentrans","IDJournal_consigne, IDClients, IDType_Consigne, IDClientsIDType_Consigne","IDJournal_consigne, IDClients, IDType_Consigne, Quantite_expediee, Quantite_rendue, IDClientsIDType_Consigne"
"EXPEDITION_PHOTO","6","EXPEDITION_PHOTO","EXPEDITION_PHOTO","_127_0_0_1_Opentrans","IDEXPEDITION_PHOTO, IDChauffeur, IDExpedition","IDEXPEDITION_PHOTO, Photo, Dateheure, DateHeureReception, IDChauffeur, IDExpedition"
"Tva","6","Tva","Tva","_127_0_0_1_Opentrans","IDTva, code_tva, Valeur_Tva","IDTva, code_tva, Valeur_Tva, Tva_par_defaut, Numero_de_compte, libelle_compte"
"Det_prestation_pos","6","Det_prestation_pos","Det_prestation_pos","_127_0_0_1_Opentrans","IDDet_prestation_pos, IDPrestation_pos, IDMarchandise","IDDet_prestation_pos, IDPrestation_pos, IDMarchandise, code_barre, Quantite, Poids"
"Proddelai","6","Proddelai","Proddelai","_127_0_0_1_Opentrans","IDProddelai, cle_unique_agencecode_clientscode_produit","IDProddelai, cle_unique_agence, code_produit, Delai, code_clients, cle_unique_agencecode_clientscode_produit"
"Detcompta","6","Detcompta","Detcompta","_127_0_0_1_Opentrans","IDDetcompta, IDEntCompta","IDDetcompta, IDEntCompta, Numero_compte, libelle_compte, Montant, b_tva"
"temp_expe_histo","5","temp_expe_histo","temp_expe_histo","_127_0_0_1_Opentrans","IDtemp_expe_histo, IDExpedition, IDHistorique, IDExpeditionIDHistorique1, IDHistoriqueIDExpedition","IDtemp_expe_histo, IDExpedition, IDHistorique, IDExpeditionIDHistorique1, IDHistoriqueIDExpedition"
"Traction","5","Traction","Traction","_127_0_0_1_Opentrans","IDTraction, cle_unique_agence, code_traction, cle_traction","IDTraction, cle_unique_agence, code_traction, cle_traction, Libelle_traction"
"Type_Consigne","5","Type_Consigne","Type_Consigne","_127_0_0_1_Opentrans","IDType_Consigne, Libelle, OptimCleComp_1","IDType_Consigne, Libelle, Consigne, OptimCleComp_1, Type_reception_edi_par_defaut"
"Temp_export_facture","5","Temp_export_facture","Temp_export_facture","_127_0_0_1_Opentrans","IDTemp_export_facture, idclient","IDTemp_export_facture, idclient, IDExpedition, IDAvoir, IDFac"
"Affecremise","5","Affecremise","Affecremise","_127_0_0_1_Opentrans","IDAffecremise, IDRemise, IDRemiseCode_PaysDepartement","IDAffecremise, IDRemise, Code_Pays, Departement, IDRemiseCode_PaysDepartement"
"histo_enlevement","5","histo_enlevement","histo_enlevement","_127_0_0_1_Opentrans","IDhisto_enlevement, IDEnlevement","IDhisto_enlevement, IDEnlevement, Date_histo, Commentaire, Sold�"
"Ra_global","5","Ra_global","Ra_global","","IDRa_global, IDExpedition, IDHistorique, Recepisse, IDEntete_ra_global","IDRa_global, IDExpedition, IDHistorique, Recepisse, IDEntete_ra_global"
"Cli_pres_fac","5","Cli_pres_fac","Cli_pres_fac","_127_0_0_1_Opentrans","IDCli_pres_fac, IDPres_fac, IDClients, IDProduit, IDClientsIDProduitIDPres_fac","IDCli_pres_fac, IDPres_fac, IDClients, IDProduit, IDClientsIDProduitIDPres_fac"
"Compteur","5","Compteur","Compteur","_127_0_0_1_Opentrans","IDCompteur, cle_unique_agence","IDCompteur, cle_unique_agence, Borne_debut, Borne_fin, Compteur_en_cours"
"Cptsac","5","Cptsac","Cptsac","_127_0_0_1_Opentrans","IDCptsac, Cle_compteur","IDCptsac, AA, Quantieme, Compteur, Cle_compteur"
"Expedition_UniteConditionnement","5","Expedition_UniteConditionnement","Expedition_UniteConditionnement","_127_0_0_1_Opentrans","IDExpedition_UniteConditionnement, IDUniteConditionnement, IDExpedition","IDExpedition_UniteConditionnement, IDUniteConditionnement, IDExpedition, Quantite, selecionAutorisee"
"Histo_commercial","5","Histo_commercial","Histo_commercial","_127_0_0_1_Opentrans","IdHisto_commercial, idclient, IDCommercial","IdHisto_commercial, idclient, IDCommercial, Date_debut_attribution, Date_fin_attribution"
"Detcaisse","5","Detcaisse","Detcaisse","_127_0_0_1_Opentrans","IDDetcaisse, IDUserCaisse, IDExpedition, IDUserCaisseIDExpedition","IDDetcaisse, IDUserCaisse, IDExpedition, Montant, IDUserCaisseIDExpedition"
"temp_doc_cr","4","temp_doc_cr","temp_doc_cr","_127_0_0_1_Opentrans","IDtemp_doc_cr","IDtemp_doc_cr, Compte_payeur, IDExpedition, Numdisque"
"tem_fac_incoterm","4","tem_fac_incoterm","tem_fac_incoterm","_127_0_0_1_Opentrans","IDtem_fac_incoterm, code_incoterm, idclient, IDExpedition","IDtem_fac_incoterm, code_incoterm, idclient, IDExpedition"
"Expeditions_AffretesContact","4","Expeditions_AffretesContact","Expeditions_AffretesContact","_127_0_0_1_Opentrans","IDExpeditions_AffretesContact, Idexpedtions, IdAffretesContacts, IdexpedtionsIdAffretesContacts","IDExpeditions_AffretesContact, Idexpedtions, IdAffretesContacts, IdexpedtionsIdAffretesContacts"
"Evenement_defaut","4","Evenement_defaut","Evenement_defaut","_127_0_0_1_Opentrans","IDEvenement_defaut, Type_evenement, Code_situation, Code_Justification","IDEvenement_defaut, Type_evenement, Code_situation, Code_Justification"
"Det_facture_regroup","4","Det_facture_regroup","Det_facture_regroup","_127_0_0_1_Opentrans","IDDet_facture_regroup, IDFacture_regroup, IDExpedition, IDHistorique","IDDet_facture_regroup, IDFacture_regroup, IDExpedition, IDHistorique"
"entete_duplicata","4","entete_duplicata","entete_duplicata","_127_0_0_1_Opentrans","IDentete_duplicata, Code_validation","IDentete_duplicata, Compte_payeur, Date_facturation, Code_validation"
"Tournee_Cout_journalier","4","Tournee_Cout_journalier","Tournee_Cout_journalier","_127_0_0_1_Opentrans","IDTournee_Cout_journalier, IDTournee, Date_application","IDTournee_Cout_journalier, IDTournee, Cout_Journalier, Date_application"
"Commercial","4","Commercial","Commercial","_127_0_0_1_Opentrans","IDCommercial, cle_unique_agence","IDCommercial, Nom, Prenom, cle_unique_agence"
"UniteConditionnement","4","UniteConditionnement","UniteConditionnement","_127_0_0_1_Opentrans","IDUniteConditionnement, LibelleConsign�e","IDUniteConditionnement, Libelle, Consign�e, LibelleConsign�e"
"Affretes_Contact","4","Affretes_Contact","Affretes_Contact","_127_0_0_1_Opentrans","IDAffretes_Contact, IDAffretes","IDAffretes_Contact, IDAffretes, NomPrenom, Email_contact"
"Entete_ra_global","4","Entete_ra_global","Entete_ra_global","","IDEntete_ra_global","IDEntete_ra_global, Compte_payeur, borderau_arrivage, date_bdx_arrivage"
"Tbrecepisse","4","Tbrecepisse","Tbrecepisse","_127_0_0_1_Opentrans","IDTbrecepisse","IDTbrecepisse, NOM_du_wdetat, Format_recepisse, Impression_sur_classe"
"Vehicules","4","Vehicules","Vehicules","_127_0_0_1_Opentrans","IDVehicules, CodeVehicule, Immatriculation","IDVehicules, CodeVehicule, Immatriculation, KmActuel"
"reference_edi","4","reference_edi","reference_edi","_127_0_0_1_Opentrans","Idreference_edi","Idreference_edi, AA, MM, Num_ordre"
"Vehicule","4","Vehicule","Vehicule","_127_0_0_1_Opentrans","IDVehicule, cle_unique_agence, cle_unique_agenceLibelle_Vehicule","IDVehicule, Libelle_Vehicule, cle_unique_agence, cle_unique_agenceLibelle_Vehicule"
"Jferie","4","Jferie","Jferie","_127_0_0_1_Opentrans","IDJferie, date_ferie, Code_Paysdate_ferie","IDJferie, date_ferie, Code_Pays, Code_Paysdate_ferie"
"Prestation","4","Prestation","Prestation","_127_0_0_1_Opentrans","IDPrestation, Code_Prestation, Libelle","IDPrestation, Code_Prestation, Libelle, Prix_unitaire_prestation"
"saspci","4","saspci","Pci","_127_0_0_1_Opentrans","Idsaspci, Pci_expedition, IDExpedition","Idsaspci, Pci_expedition, Colis, IDExpedition"
"FactureEmailFichierJoint","3","FactureEmailFichierJoint","FactureEmailFichierJoint","Connexion1","IDFactureEmailFichierJoint, IDFactureEmailEntete","IDFactureEmailFichierJoint, IDFactureEmailEntete, FichierJoint"
"BaseDeDonee","3","BaseDeDonee","BaseDeDonee","Connexion1","IDBaseDeDonee","IDBaseDeDonee, Nom, NomDansBdd"
"ProForfaitMensuel","3","ProForfaitMensuel","ProForfaitMensuel","_127_0_0_1_Opentrans","IDProFOrfaitMensuel, Code_produit, IDClients","IDProFOrfaitMensuel, Code_produit, IDClients"
"Type_etat","3","Type_etat","Type_etat","_127_0_0_1_Opentrans","IDType_etat, Libelle","IDType_etat, Libelle, Nom_etat"
"PreTournee_Detail","3","PreTournee_Detail","PreTournee_Detail","_127_0_0_1_Opentrans","IDPreTournee_Detail, IDPreTournee_Entete, IDExpedition","IDPreTournee_Detail, IDPreTournee_Entete, IDExpedition"
"CompteurAffretement","3","CompteurAffretement","CompteurAffretement","_127_0_0_1_Opentrans","IDCompteurAffretement, cle_unique_agence","IDCompteurAffretement, cle_unique_agence, CompteurAffretement"
"Payspro","3","Payspro","Payspro","_127_0_0_1_Opentrans","IDPayspro, IDProduit","IDPayspro, IDProduit, Code_pays"
"SCREQ","3","SCREQ","SCREQ","_127_0_0_1_Opentrans","IDSCREQ, Pci","IDSCREQ, Pci, Type_screq"
"Secteur","3","Secteur","Secteur","_127_0_0_1_Opentrans","Idescteur, Code_secteur","Idescteur, Code_secteur, libelle_secteur"
"Detmail","3","Detmail","Detmail","Connexion1","IDDetmail, IDEntmail","IDDetmail, IDEntmail, Fic_mail"
"Expedition_Facture_Accompte","3","Expedition_Facture_Accompte","Expedition_Facture_Accompte","_127_0_0_1_Opentrans","IDExpedition_Facture_Accompte, IDExpedition, IDFacture_Entete","IDExpedition_Facture_Accompte, IDExpedition, IDFacture_Entete"
"FacEmarge","3","FacEmarge","FacEmarge","_127_0_0_1_Opentrans","IDFacEmarge, cle_unique_agence","IDFacEmarge, cle_unique_agence, emarge"
"Rel_sac","3","Rel_sac","Rel_sac","_127_0_0_1_Opentrans","IDRel_sac","IDRel_sac, code_sac, pci"
"Impliv","3","Impliv","Impliv","_127_0_0_1_Opentrans","IDImpliv, Date_liv, IDExpedition","IDImpliv, Date_liv, IDExpedition"
"FactureEmailEntete","3","FactureEmailEntete","FactureEmailEntete","Connexion1","IDFactureEmailEntete, IDClients","IDFactureEmailEntete, IDClients, AdEmailDestinataire"
"Regroupement_tournee","3","Regroupement_tournee","Regroupement_tournee","_127_0_0_1_Opentrans","IDRegroupement_tournee, code","IDRegroupement_tournee, code, Libelle"
"Param_Editrack","2","Param_Editrack","Param_Editrack","_127_0_0_1_Opentrans","IDParam_Editrack","IDParam_Editrack, Gestion_Fret_aerien"
"Optimizer","2","Optimizer","Optimizer","_127_0_0_1_Opentrans","IDOptimizer, Libelle","IDOptimizer, Libelle"
"Etiq_driver","2","Etiq_driver","Etiq_driver","_127_0_0_1_Opentrans","IDEtiq_driver","IDEtiq_driver, Nom_etat"
"Marchandise","2","Marchandise","Marchandise","_127_0_0_1_Opentrans","IDMarchandise, Nature_marchandise","IDMarchandise, Nature_marchandise"
"Reseau","2","Reseau","Reseau","_127_0_0_1_Opentrans","IDReseau, code_reseau","IDReseau, code_reseau"
